"exper","male","school","wage"
9,0,13,6.31529569625854
12,0,12,5.47977018356323
11,0,11,3.64216995239258
9,0,14,4.59333658218384
8,0,14,2.41815757751465
9,0,14,2.0940580368042
8,0,12,5.51200389862061
10,0,12,3.54842710494995
12,0,10,5.81822633743286
7,0,12,3.8277804851532
10,0,14,6.73689365386963
10,0,13,12.8613424301147
10,0,13,7.6555609703064
9,0,10,2.44977951049805
10,0,13,6.10566234588623
3,0,15,8.26800632476807
9,0,14,1.86240553855896
13,0,11,3.98089170455933
10,0,12,4.76346015930176
11,0,12,6.38059568405151
8,0,14,5.6311240196228
7,0,11,2.48805737495422
7,0,14,1.22373831272125
5,0,12,1.34565353393555
5,0,14,0.751111626625061
10,0,14,11.3302307128906
11,0,12,3.89475774765015
6,0,13,2.99851536750793
11,0,12,3.26789617538452
9,0,12,1.3551971912384
10,0,14,4.28711414337158
11,0,12,7.62493896484375
11,0,13,4.44378614425659
5,0,12,1.13428151607513
5,0,15,9.06418418884277
12,0,12,3.98089170455933
11,0,12,3.4507052898407
4,0,14,8.09672927856445
10,0,13,8.73521423339844
9,0,15,7.27584505081177
12,0,12,5.51200389862061
8,0,15,9.78635883331299
7,0,14,7.04311609268188
8,0,11,0.785271763801575
9,0,12,4.00872993469238
10,0,12,3.61215138435364
15,0,7,3.18471336364746
6,0,15,5.81822633743286
10,0,12,2.27479529380798
7,0,16,5.44789266586304
9,0,12,2.40355730056763
8,0,14,9.03356170654297
10,0,13,4.97409582138062
7,0,14,9.32761192321777
10,0,12,5.87344694137573
9,0,12,3.28320956230164
8,0,14,2.14355707168579
5,0,13,2.56057357788086
5,0,14,9.18667316436768
3,0,12,2.83519101142883
10,0,12,5.89761734008789
7,0,12,2.53329467773438
8,0,14,8.26800632476807
8,0,15,14.1020517349243
9,0,11,0.72932368516922
7,0,11,4.59333658218384
7,0,12,3.37772631645203
10,0,13,3.18471336364746
13,0,9,5.00741100311279
5,0,12,2.31896615028381
9,0,12,3.38799285888672
10,0,11,2.44977951049805
9,0,13,5.81822633743286
10,0,13,5.35889291763306
7,0,11,7.14328241348267
6,0,12,5.59963607788086
8,0,12,3.8277804851532
6,0,12,8.07132244110107
9,0,12,3.94391751289368
11,0,12,6.34554147720337
7,0,13,5.48361253738403
9,0,13,6.98019361495972
9,0,13,10.0470123291016
11,0,12,5.51200389862061
8,0,15,6.25568675994873
11,0,12,3.23447442054749
8,0,10,1.91832149028778
4,0,14,11.0910415649414
8,0,14,5.18441724777222
9,0,14,5.136634349823
9,0,13,4.24181938171387
7,0,12,3.90283513069153
11,0,12,6.78035736083984
9,0,12,1.02618539333344
10,0,12,4.5930643081665
11,0,8,0.438681453466415
9,0,13,7.34933853149414
8,0,12,4.59333658218384
7,0,13,4.72457456588745
6,0,13,4.81721353530884
4,0,12,8.53048229217529
7,0,14,6.19518709182739
10,0,13,4.70468997955322
10,0,12,5.08334159851074
6,0,12,5.7903881072998
7,0,16,5.1037073135376
7,0,14,6.99083423614502
9,0,12,4.3162055015564
8,0,13,7.71002721786499
5,0,12,5.71098375320435
8,0,12,1.98192977905273
6,0,12,5.81758689880371
9,0,13,3.67466926574707
7,0,13,2.7560019493103
5,0,14,4.94814968109131
9,0,12,3.98089170455933
8,0,13,4.15714502334595
10,0,12,4.74445199966431
8,0,12,6.61362218856812
6,0,13,2.73757600784302
8,0,13,5.24952745437622
8,0,12,3.98517894744873
10,0,12,7.96178340911865
7,0,13,6.11825609207153
8,0,12,3.1429922580719
7,0,13,6.12444877624512
7,0,12,4.86215782165527
8,0,10,1.80949628353119
7,0,12,2.38109421730042
10,0,12,3.67466926574707
9,0,13,6.98402070999146
9,0,13,12.2488975524902
10,0,12,7.34933853149414
6,0,12,1.97808289527893
10,0,12,3.21533560752869
6,0,12,4.72782182693481
7,0,13,8.72967147827148
10,0,12,6.65462493896484
8,0,13,4.62670230865479
4,0,11,3.06222438812256
7,0,13,5.90619564056396
9,0,12,4.47959661483765
8,0,12,3.36844682693481
10,0,12,2.80703902244568
5,0,14,7.72411823272705
7,0,13,3.69456315040588
7,0,14,6.49882841110229
8,0,13,2.38919854164124
6,0,12,4.59333658218384
8,0,12,4.59333658218384
7,0,11,4.08296585083008
4,0,12,2.45607709884644
8,0,13,7.6555609703064
5,0,14,3.16493248939514
6,0,13,4.94253778457642
7,0,12,3.67466926574707
6,0,10,2.02204012870789
10,0,12,9.79911804199219
6,0,13,7.58265066146851
8,0,13,2.99034118652344
9,0,12,4.28711414337158
6,0,11,4.59333658218384
4,0,12,1.21322417259216
6,0,12,6.12444877624512
7,0,14,7.14630842208862
8,0,11,3.3616418838501
3,0,12,2.14355707168579
6,0,12,1.95982360839844
1,0,13,4.32211112976074
8,0,12,0.102890737354755
5,0,9,2.54777073860168
8,0,12,7.96178340911865
8,0,12,6.57394981384277
7,0,11,4.28711414337158
4,0,11,3.29384469985962
6,0,12,6.91077041625977
9,0,12,4.44792366027832
5,0,11,0.77992981672287
7,0,12,4.7230920791626
8,0,12,3.93174481391907
8,0,10,1.35040855407715
6,0,13,3.53857040405273
6,0,12,2.87054777145386
6,0,11,2.48111391067505
4,0,12,4.13400316238403
9,0,12,1.53295469284058
8,0,12,2.44977951049805
6,0,11,4.46134424209595
3,0,13,4.04291391372681
7,0,11,3.36844682693481
7,0,14,5.10872507095337
8,0,11,7.25998497009277
6,0,12,8.26800632476807
9,0,12,3.21533560752869
6,0,12,4.91468095779419
6,0,12,5.63959646224976
9,0,12,4.30366659164429
9,0,12,4.59333658218384
7,0,12,2.71865773200989
7,0,12,4.40536737442017
10,0,11,2.38287568092346
7,0,12,7.96178340911865
4,0,11,4.78904247283936
8,0,12,9.60969638824463
6,0,12,0.93120276927948
8,0,11,2.82011866569519
8,0,13,3.51070761680603
9,0,12,3.98089170455933
4,0,12,5.51200389862061
7,0,12,2.94880867004395
5,0,12,4.59333658218384
7,0,10,4.47850322723389
7,0,12,3.0421142578125
3,0,12,3.57832956314087
8,0,12,5.20378017425537
2,0,12,2.61546516418457
8,0,12,2.79974794387817
3,0,12,6.54865312576294
6,0,11,4.48551177978516
9,0,11,2.6211633682251
9,0,12,7.83405447006226
8,0,13,6.27843475341797
8,0,12,4.59333658218384
4,0,13,6.43067121505737
8,0,12,5.24772548675537
7,0,12,12.5358915328979
5,0,12,2.27988433837891
5,0,14,7.6555609703064
3,0,12,4.89955902099609
9,0,11,9.83695220947266
6,0,12,7.34933853149414
7,0,11,4.46053266525269
8,0,8,1.76462268829346
9,0,11,6.58708715438843
9,0,10,3.79132533073425
7,0,11,5.81822633743286
5,0,11,9.56011486053467
4,0,10,3.1376485824585
8,0,11,4.79384851455688
5,0,10,0.518894255161285
6,0,10,2.94335794448853
6,0,11,3.39241218566895
4,0,11,6.13720798492432
4,0,12,4.38541173934937
9,0,11,3.67466926574707
6,0,12,2.81724643707275
4,0,11,3.91964721679688
7,0,11,2.92367124557495
8,0,10,6.08842277526855
3,0,10,1.70954310894012
8,0,11,9.18667316436768
2,0,11,2.52978110313416
5,0,12,4.81316900253296
4,0,11,4.01856565475464
9,0,10,3.18670511245728
5,0,11,1.56960868835449
7,0,11,3.06222438812256
4,0,11,4.89955902099609
5,0,11,5.15743064880371
7,0,10,1.7085372209549
5,0,11,5.75625991821289
5,0,11,5.74136447906494
7,0,11,9.90799713134766
3,0,10,2.37001919746399
8,0,11,4.77707004547119
8,0,11,3.36844682693481
7,0,12,7.96178340911865
4,0,11,3.00097990036011
6,0,11,4.83447933197021
8,0,10,5.0526704788208
4,0,12,6.43067121505737
6,0,11,0.76555609703064
5,0,11,5.20026969909668
5,0,10,3.48056101799011
4,0,11,0.929548323154449
8,0,10,1.87616443634033
4,0,12,4.28711414337158
7,0,13,3.75555825233459
6,0,11,3.67466926574707
7,0,11,15.9235668182373
5,0,12,5.40825653076172
5,0,12,5.136634349823
2,0,11,1.71221148967743
4,0,10,4.46076154708862
9,0,10,2.90132784843445
9,0,10,6.04452466964722
9,0,10,8.26800632476807
7,0,11,6.2856183052063
8,0,12,5.66511535644531
7,0,10,5.66511535644531
3,0,12,3.18471336364746
4,0,11,5.86143589019775
8,0,11,6.51187419891357
7,0,11,1.77775073051453
9,0,10,6.82438564300537
8,0,11,4.24628448486328
5,0,11,5.3895149230957
5,0,8,2.97850894927979
6,0,10,1.63318634033203
5,0,10,2.7560019493103
7,0,11,3.97090935707092
8,0,10,6.26054763793945
6,0,10,3.25709319114685
4,0,10,3.15513396263123
7,0,10,6.12444877624512
7,0,10,3.69389176368713
8,0,10,3.11548042297363
9,0,10,0.918667316436768
6,0,12,12.2488975524902
8,0,10,1.72847402095795
5,0,11,5.5872163772583
5,0,10,4.44378614425659
3,0,9,3.27294039726257
7,0,9,3.67466926574707
9,0,14,5.1445369720459
8,0,15,5.20864343643188
11,0,12,6.451247215271
12,0,12,4.59333658218384
11,0,12,3.89646816253662
6,0,14,5.01793050765991
10,0,14,5.75698184967041
11,0,11,0.424628436565399
9,0,15,5.09064197540283
9,0,14,5.86743497848511
11,0,12,4.60837078094482
12,0,11,4.28711414337158
9,0,10,4.4729118347168
11,0,12,7.12370109558105
7,0,15,8.5495662689209
8,0,15,10.4115629196167
6,0,14,3.03306031227112
3,0,14,5.97133779525757
13,0,11,5.44395446777344
7,0,14,2.25688338279724
9,0,13,5.66171264648438
10,0,10,2.54777073860168
11,0,12,5.90217161178589
12,0,12,2.87849092483521
11,0,12,3.71034574508667
9,0,13,7.64713573455811
10,0,13,4.48972749710083
9,0,12,4.21943378448486
9,0,14,6.12444877624512
4,0,14,3.98089170455933
13,0,11,5.11963367462158
8,0,12,3.38682007789612
8,0,13,1.65439653396606
10,0,13,8.93273258209229
7,0,12,5.136634349823
10,0,13,3.98089170455933
14,0,9,5.75261831283569
9,0,14,8.17315864562988
9,0,12,7.59326648712158
9,0,14,10.4194040298462
11,0,12,4.49126243591309
8,0,12,4.01434469223022
10,0,12,3.08964729309082
8,0,14,3.77335715293884
8,0,14,5.97133779525757
10,0,12,3.82165598869324
9,0,13,5.81822633743286
10,0,12,4.0059289932251
11,0,12,5.51200389862061
11,0,12,6.73689365386963
4,0,16,9.43618774414062
7,0,13,7.04311609268188
8,0,13,7.30657434463501
11,0,12,6.64940166473389
13,0,10,9.19930934906006
11,0,12,7.6555609703064
11,0,12,7.60721015930176
7,0,14,7.27417469024658
8,0,14,3.36844682693481
11,0,12,2.87083530426025
10,0,12,5.69623517990112
10,0,12,6.27042007446289
15,0,6,4.30366659164429
8,0,14,11.4527196884155
7,0,14,1.24890720844269
7,0,13,5.07260417938232
7,0,12,7.01478719711304
9,0,12,6.43067121505737
9,0,12,6.73689365386963
9,0,12,3.67466926574707
9,0,10,0.449606597423553
8,0,13,7.48328495025635
10,0,9,3.21485257148743
7,0,13,3.29200124740601
9,0,12,5.05932712554932
7,0,12,3.06222438812256
11,0,9,3.03306031227112
7,0,12,3.64287495613098
9,0,12,3.46164488792419
9,0,12,4.59333658218384
9,0,13,6.85938262939453
10,0,12,5.19246768951416
7,0,13,9.07236576080322
4,0,15,7.96178340911865
6,0,9,2.44977951049805
8,0,14,14.6986770629883
6,0,13,0.428711414337158
7,0,11,7.96178340911865
7,0,13,7.34933853149414
5,0,13,5.055100440979
7,0,13,5.18488073348999
12,0,9,3.63169074058533
9,0,12,4.98527860641479
9,0,11,0.076555609703064
5,0,12,0.474739879369736
8,0,13,7.09290266036987
7,0,12,2.73222279548645
9,0,12,4.02279567718506
8,0,13,4.93587636947632
9,0,10,3.67466926574707
8,0,14,3.30936622619629
8,0,12,5.3737096786499
8,0,12,4.75747203826904
6,0,10,2.66280388832092
8,0,10,5.29428052902222
9,0,12,3.26637268066406
6,0,10,4.84076452255249
5,0,11,1.18579757213593
6,0,12,4.15712690353394
6,0,12,6.73689365386963
9,0,11,2.84667110443115
5,0,10,2.7560019493103
8,0,12,3.98089170455933
7,0,11,6.03062725067139
9,0,12,5.3744945526123
12,0,8,2.14355707168579
12,0,9,4.59333658218384
7,0,12,3.36844682693481
8,0,12,5.75117540359497
10,0,8,6.14809513092041
1,0,12,2.77467775344849
8,0,11,4.7651572227478
4,0,11,2.44977951049805
9,0,12,7.0122127532959
4,0,12,8.16593170166016
6,0,9,3.54330372810364
8,0,12,2.37075448036194
8,0,11,7.73070287704468
8,0,12,3.36844682693481
8,0,12,6.12444877624512
8,0,12,4.59333658218384
9,0,9,3.74672150611877
6,0,12,5.97133779525757
7,0,11,1.88723754882812
4,0,11,1.83874905109406
10,0,9,2.60289072990417
9,0,10,3.06222438812256
9,0,11,5.8021092414856
8,0,11,7.34933853149414
5,0,8,1.48126208782196
8,0,9,4.82850408554077
8,0,11,6.49941492080688
5,0,11,3.67466926574707
9,0,11,5.72911405563354
8,0,10,6.82438564300537
6,0,11,3.24595785140991
7,0,11,4.7691216468811
9,0,11,3.46345520019531
9,0,9,5.51200389862061
9,0,11,5.89034509658813
5,0,10,3.25635313987732
5,0,10,3.86025857925415
9,0,10,4.84594202041626
5,0,12,8.09788227081299
8,0,11,4.10300493240356
3,0,10,3.36844682693481
8,0,11,4.28711414337158
4,0,12,5.27644824981689
7,0,11,4.77707004547119
7,0,9,4.87456130981445
8,0,11,3.73591375350952
7,0,10,5.81822633743286
8,0,10,4.01941108703613
8,0,11,5.68164825439453
8,0,11,7.6555609703064
7,0,11,7.34933853149414
8,0,12,4.6834020614624
6,0,7,5.7903881072998
6,0,9,2.04897236824036
7,0,11,2.3221869468689
4,0,11,9.92637920379639
5,0,11,4.97611474990845
6,0,10,3.79697561264038
6,0,11,4.81442928314209
4,0,11,2.27070069313049
3,0,10,5.57324838638306
10,0,10,7.37202167510986
9,0,11,6.47299480438232
8,0,9,1.58246624469757
5,0,9,3.24497723579407
10,0,5,0.6031653881073
6,0,8,1.97983956336975
5,0,10,7.34933853149414
4,0,10,4.96284484863281
8,0,10,3.22188901901245
4,0,11,5.10755920410156
5,0,10,4.68555545806885
9,0,6,2.21160650253296
5,0,9,2.27479529380798
3,0,11,2.6444833278656
9,0,10,7.41380643844604
8,0,10,7.26338148117065
7,0,10,7.58867359161377
9,0,10,7.46947717666626
9,0,7,2.65896368026733
6,0,9,5.72594022750854
9,0,8,2.7560019493103
6,0,9,4.33663082122803
9,0,15,8.98252487182617
9,0,15,7.70256280899048
7,0,13,3.63967251777649
8,0,12,2.67104983329773
6,0,14,5.61407804489136
11,0,12,5.11133098602295
8,0,12,5.3973274230957
9,0,12,2.36530447006226
9,0,15,7.01949262619019
10,0,12,4.52676630020142
10,0,13,9.6241340637207
12,0,12,7.09146690368652
12,0,12,4.54959058761597
11,0,13,5.52016973495483
8,0,14,2.522545337677
7,0,15,10.5570611953735
7,0,15,7.69930696487427
11,0,12,6.02684783935547
6,0,16,5.0417628288269
9,0,15,5.01036500930786
12,0,9,3.98089170455933
8,0,12,3.77847361564636
10,0,12,4.49126243591309
8,0,10,0.229666829109192
11,0,12,6.17038202285767
11,0,13,12.2488975524902
12,0,12,3.98089170455933
14,0,7,0.444792360067368
8,0,13,4.43174934387207
10,0,12,3.06222438812256
11,0,12,2.50779938697815
10,0,12,3.10703754425049
10,0,13,6.63481950759888
9,0,12,6.02513360977173
10,0,12,5.69696235656738
11,0,12,12.3120365142822
7,0,15,3.89012217521667
10,0,12,2.7560019493103
12,0,12,5.1751594543457
12,0,10,2.70529413223267
8,0,16,4.18451309204102
11,0,13,3.93521523475647
11,0,12,4.38263320922852
10,0,13,10.8990879058838
10,0,12,7.39619207382202
9,0,15,6.43067121505737
7,0,10,14.0916519165039
8,0,15,6.82438564300537
8,0,14,3.60533595085144
12,0,12,5.69279718399048
9,0,12,2.41150164604187
13,0,11,5.35889291763306
11,0,12,0.425811260938644
11,0,12,3.06222438812256
11,0,12,2.45669317245483
10,0,12,6.73689365386963
8,0,15,12.6697454452515
3,0,15,2.4126615524292
8,0,12,2.57350564002991
10,0,14,9.83442115783691
6,0,14,0.614414155483246
11,0,12,6.61602401733398
10,0,14,15.1273889541626
10,0,12,9.39270305633545
12,0,12,4.96080350875854
12,0,12,4.89328575134277
10,0,12,2.21160650253296
12,0,12,3.36844682693481
11,0,12,5.52718830108643
12,0,12,7.54562711715698
8,0,12,5.13287115097046
7,0,16,9.3668041229248
6,0,16,5.9323091506958
12,0,12,3.79455208778381
10,0,13,3.89964914321899
10,0,12,8.57422828674316
11,0,13,6.27756023406982
10,0,14,3.67466926574707
11,0,12,1.19613647460938
5,0,12,3.06222438812256
8,0,14,5.71249055862427
12,0,12,6.79240846633911
11,0,13,3.11615800857544
10,0,12,7.5636944770813
10,0,12,3.84965348243713
12,0,12,5.37252473831177
11,0,13,3.0547251701355
11,0,13,9.59033012390137
8,0,15,12.3959856033325
9,0,13,5.92504835128784
12,0,12,4.94850015640259
11,0,12,3.91964721679688
10,0,13,3.06222438812256
3,0,15,3.2685215473175
8,0,12,11.1541891098022
11,0,12,2.98566889762878
10,0,12,6.10301303863525
7,0,12,4.14496326446533
10,0,10,6.36942672729492
6,0,13,2.98906540870667
9,0,15,6.27292013168335
6,0,16,5.36749458312988
10,0,12,4.37117528915405
10,0,12,4.40960311889648
12,0,11,4.06935596466064
10,0,11,3.96026539802551
7,0,16,6.73689365386963
7,0,14,0.962149083614349
8,0,12,6.53274536132812
10,0,14,5.50281715393066
9,0,10,2.75137233734131
16,0,8,2.86402344703674
8,0,15,6.55504560470581
9,0,15,4.77707004547119
9,0,15,4.96318960189819
9,0,15,6.12444877624512
8,0,15,6.70822620391846
8,0,15,6.09382677078247
5,0,14,8.91719722747803
7,0,15,5.25887584686279
8,0,15,3.02199077606201
12,0,10,3.82165598869324
13,0,10,5.51200389862061
8,0,15,5.51200389862061
10,0,12,3.10703754425049
7,0,12,8.08302879333496
9,0,9,21.2314224243164
9,0,14,5.81822633743286
7,0,14,4.93071460723877
9,0,15,4.41363477706909
8,0,15,7.417320728302
10,0,12,3.67466926574707
8,0,15,5.81822633743286
11,0,12,3.22355127334595
13,0,9,1.62117767333984
6,0,12,1.01585757732391
12,0,9,6.37963438034058
12,0,12,3.58504319190979
11,0,11,2.7560019493103
10,0,14,0.772988677024841
9,0,12,2.13739156723022
11,0,11,3.55218029022217
11,0,12,4.3051586151123
10,0,10,3.57467818260193
6,0,16,10.1280641555786
8,0,15,4.44460010528564
12,0,12,4.74644804000854
10,0,14,5.9158763885498
10,0,14,5.31062173843384
9,0,15,8.69844913482666
9,0,15,15.3111219406128
11,0,12,2.81004118919373
8,0,15,8.02232933044434
7,0,15,7.87232542037964
7,0,15,12.9488344192505
9,0,15,3.5276825428009
9,0,14,7.17008638381958
9,0,15,8.35987281799316
9,0,15,7.1113429069519
8,0,15,11.184760093689
9,0,15,8.57422828674316
7,0,14,2.99737739562988
8,0,14,9.3178653717041
11,0,10,6.24453592300415
7,0,13,2.12314224243164
3,0,14,2.39452123641968
9,0,15,7.14328241348267
8,0,15,5.90282249450684
7,0,15,7.73614597320557
11,0,13,3.65126371383667
6,0,12,2.66503214836121
9,0,12,32.4973983764648
12,0,12,8.42111682891846
7,0,13,6.08842277526855
10,0,14,1.55960500240326
12,0,12,6.03258228302002
12,0,12,5.87947082519531
7,0,16,8.72733974456787
7,0,12,2.7560019493103
9,0,14,11.7777862548828
11,0,12,7.66296052932739
9,0,15,6.87701606750488
9,0,14,7.04311609268188
8,0,12,5.85425233840942
11,0,12,0.911219835281372
11,0,12,1.63318634033203
8,0,15,9.01655006408691
8,0,12,2.7014274597168
9,0,12,7.92681217193604
10,0,12,5.81822633743286
9,0,14,8.27198314666748
13,0,9,6.76912784576416
9,0,12,8.29352474212646
13,0,9,7.20523405075073
10,0,12,6.42458724975586
11,0,12,7.28312826156616
8,0,14,5.06850957870483
9,0,12,8.36981201171875
10,0,12,7.23250579833984
10,0,12,5.17532777786255
5,0,12,4.10824728012085
9,0,13,4.28711414337158
7,0,14,8.71605777740479
6,0,14,6.73689365386963
8,0,12,4.17393636703491
13,0,10,3.44500255584717
10,0,13,9.18667316436768
10,0,12,7.51912546157837
10,0,12,3.01154923439026
11,0,12,4.14496326446533
9,0,13,16.0035839080811
10,0,8,3.09445834159851
9,0,14,11.0240077972412
7,0,11,1.81155478954315
8,0,14,7.6555609703064
11,0,12,6.43067121505737
9,0,12,4.07275867462158
7,0,12,1.90350687503815
11,0,12,6.05040550231934
8,0,12,2.62656784057617
10,0,12,3.79132533073425
11,0,12,5.09240770339966
7,0,13,7.30657434463501
3,0,15,4.48551177978516
8,0,14,12.2838945388794
4,0,12,2.98566889762878
9,0,14,15.3111219406128
7,0,12,1.21565055847168
8,0,12,4.39675092697144
9,0,13,3.55218029022217
9,0,13,6.18639707565308
7,0,12,2.56241297721863
9,0,10,2.59715485572815
9,0,10,4.64437389373779
6,0,12,2.57871532440186
8,0,13,4.20622539520264
11,0,11,4.59333658218384
6,0,12,1.59235668182373
10,0,12,2.74081969261169
7,0,13,4.44022560119629
9,0,12,1.69399642944336
8,0,14,6.36942672729492
5,0,12,1.92009747028351
9,0,14,7.26243782043457
5,0,12,3.67466926574707
10,0,12,3.67466926574707
9,0,13,3.82165598869324
9,0,14,7.6555609703064
8,0,14,9.67085742950439
11,0,12,6.72098588943481
8,0,14,7.10095977783203
9,0,14,10.7956390380859
9,0,14,9.27416515350342
8,0,12,4.07833433151245
10,0,12,5.81822633743286
7,0,14,7.13498306274414
10,0,12,3.89964914321899
8,0,14,8.84642601013184
11,0,12,4.28711414337158
9,0,14,20.9981098175049
9,0,14,6.63029050827026
3,0,15,3.98089170455933
6,0,12,2.69510293006897
8,0,14,7.6555609703064
10,0,12,6.84884595870972
11,0,12,5.57324838638306
9,0,12,0.668706238269806
11,0,12,5.25313568115234
8,0,14,8.08205223083496
9,0,12,3.34580779075623
10,0,12,10.1481027603149
10,0,12,7.34933853149414
12,0,7,3.06222438812256
11,0,12,2.92922019958496
8,0,12,4.15884208679199
11,0,12,7.12995529174805
7,0,14,5.3895149230957
7,0,12,1.0919017791748
9,0,14,4.59333658218384
10,0,12,5.0526704788208
14,0,7,3.14508962631226
10,0,9,4.63914918899536
7,0,14,6.12444877624512
8,0,13,30.8621711730957
7,0,14,9.18667316436768
7,0,15,10.3131914138794
8,0,13,6.73689365386963
7,0,13,7.6963906288147
6,0,14,16.9718265533447
8,0,13,6.82438564300537
8,0,12,4.50666999816895
7,0,15,4.18784952163696
11,0,12,3.17564010620117
11,0,12,5.20578145980835
11,0,12,2.19635415077209
9,0,13,4.38235759735107
8,0,14,4.59333658218384
11,0,12,4.59333658218384
12,0,10,6.43067121505737
6,0,12,3.91563129425049
12,0,9,3.06222438812256
6,0,14,5.83624219894409
9,0,10,7.34933853149414
7,0,14,8.75796222686768
9,0,14,10.7956390380859
13,0,10,5.7903881072998
15,0,8,2.3885350227356
6,0,15,2.91256999969482
8,0,14,7.11306524276733
4,0,12,2.11308002471924
10,0,12,7.47512197494507
6,0,13,1.19054710865021
8,0,14,7.41269493103027
7,0,14,2.54777073860168
8,0,14,10.4640579223633
8,0,15,7.43099784851074
7,0,12,3.37602114677429
7,0,15,6.12444877624512
8,0,9,3.28423571586609
9,0,13,6.73689365386963
10,0,12,4.71207571029663
7,0,9,8.07483100891113
10,0,10,4.35268354415894
10,0,12,15.3111219406128
6,0,14,2.32460832595825
8,0,14,7.19622755050659
6,0,14,9.73787403106689
8,0,14,3.18471336364746
8,0,14,9.27586460113525
8,0,14,6.16215419769287
12,0,10,5.78086709976196
9,0,13,7.96178340911865
11,0,11,4.64360857009888
7,0,14,2.76397490501404
8,0,9,2.88109064102173
8,0,13,2.71733212471008
7,0,10,1.83662819862366
11,0,12,2.7560019493103
10,0,12,4.55934572219849
7,0,12,3.03509593009949
8,0,12,3.98089170455933
6,0,15,6.12444877624512
7,0,14,12.8613424301147
11,0,12,7.83929443359375
8,0,11,2.80344486236572
7,0,14,13.998740196228
8,0,14,2.91932058334351
6,0,15,10.4115629196167
8,0,14,5.52901649475098
9,0,13,4.40960311889648
10,0,12,4.89955902099609
7,0,15,5.67123937606812
7,0,11,4.13400316238403
8,0,14,7.25171947479248
9,0,14,8.95700645446777
7,0,14,11.6364526748657
8,0,13,3.27645397186279
6,0,14,3.6307806968689
5,0,11,2.97116112709045
6,0,13,5.56409692764282
8,0,15,6.13517475128174
8,0,14,7.25171947479248
7,0,15,14.6490955352783
7,0,14,10.3110008239746
9,0,14,5.51200389862061
4,0,12,1.13620412349701
4,0,12,5.42848873138428
9,0,12,13.1781244277954
9,0,14,8.78945732116699
10,0,12,6.02513360977173
7,0,14,2.88470411300659
9,0,14,4.94872903823853
11,0,12,5.72635984420776
8,0,15,4.89955902099609
10,0,12,3.98089170455933
7,0,14,7.83929443359375
8,0,14,8.2796630859375
9,0,12,6.49941492080688
5,0,12,1.72498941421509
8,0,13,4.89955902099609
6,0,14,12.1322412490845
11,0,12,3.12226796150208
13,0,9,5.39781951904297
6,0,13,8.57422828674316
7,0,13,6.43067121505737
6,0,13,7.00636959075928
6,0,13,5.43466424942017
6,0,13,8.96231842041016
8,0,13,10.9789371490479
8,0,13,8.81920623779297
8,0,13,3.23869156837463
10,0,12,5.6051869392395
9,0,13,7.1812162399292
8,0,13,6.15560054779053
8,0,12,6.73689365386963
6,0,13,7.87390518188477
9,0,12,5.5455207824707
5,0,13,7.96178340911865
10,0,12,2.38734126091003
7,0,12,3.06222438812256
6,0,13,1.06869578361511
8,0,13,4.15216875076294
6,0,12,4.03128290176392
10,0,12,5.6533374786377
4,0,12,16.47265625
8,0,10,1.59235668182373
10,0,12,4.2819676399231
3,0,13,9.47831344604492
6,0,12,1.74028050899506
9,0,13,3.36844682693481
9,0,13,5.42686605453491
7,0,13,5.20578145980835
9,0,12,3.53366255760193
7,0,13,9.18667316436768
6,0,11,1.85878217220306
9,0,12,1.30540800094604
11,0,11,3.81763744354248
8,0,13,4.40960311889648
7,0,11,0.2123142182827
7,0,15,8.71198177337646
7,0,12,4.0873327255249
6,0,13,5.66003561019897
9,0,12,8.57422828674316
8,0,12,2.6580810546875
8,0,12,2.44172978401184
9,0,12,7.29565811157227
6,0,14,7.96178340911865
8,0,12,1.59235668182373
8,0,13,7.19622755050659
9,0,12,5.1681752204895
7,0,14,8.31517887115479
6,0,12,3.05042910575867
10,0,12,1.39654552936554
9,0,12,2.82210564613342
6,0,12,3.25877642631531
9,0,12,5.51200389862061
8,0,12,4.74268579483032
9,0,12,5.7903881072998
4,0,14,9.85987281799316
8,0,12,3.67466926574707
6,0,12,2.85766911506653
8,0,12,3.94391751289368
3,0,12,2.14820456504822
10,0,10,3.98089170455933
8,0,13,8.57422828674316
6,0,13,5.80789041519165
7,0,13,4.32407188415527
2,0,13,6.73419570922852
5,0,9,1.19277656078339
10,0,12,4.13400316238403
8,0,12,4.59333658218384
11,0,10,12.1768455505371
7,0,13,7.43580150604248
8,0,13,6.83310127258301
10,0,12,8.91719722747803
9,0,12,8.28393650054932
7,0,13,7.35190916061401
7,0,12,0.682438552379608
7,0,12,3.70315504074097
6,0,12,5.85051202774048
8,0,12,7.15130233764648
8,0,13,7.16158580780029
6,0,13,1.18537724018097
8,0,12,5.24066734313965
7,0,13,3.78093814849854
8,0,13,3.52659749984741
6,0,13,7.6555609703064
6,0,13,4.80851030349731
8,0,13,5.33912086486816
7,0,13,3.74366307258606
9,0,12,4.47084760665894
10,0,12,5.72222375869751
5,0,12,1.72925615310669
7,0,12,1.33391141891479
9,0,12,3.34632563591003
8,0,12,4.98063659667969
9,0,13,5.66511535644531
6,0,10,4.40960311889648
6,0,12,0.675706923007965
10,0,12,8.93033027648926
9,0,12,3.11548042297363
10,0,12,6.08682441711426
9,0,12,3.06222438812256
8,0,12,6.038733959198
7,0,14,6.52253818511963
9,0,13,5.20578145980835
8,0,12,2.33312344551086
10,0,11,4.82114934921265
8,0,12,6.66567897796631
9,0,13,5.27890348434448
9,0,13,5.63959646224976
10,0,12,6.80431079864502
7,0,12,5.51200389862061
8,0,13,7.96178340911865
6,0,14,12.5523614883423
6,0,12,9.11018562316895
8,0,11,4.54959058761597
9,0,12,6.2953634262085
8,0,12,6.17534446716309
7,0,13,6.12444877624512
6,0,12,3.49968504905701
8,0,12,3.36650466918945
7,0,13,6.12230539321899
8,0,13,5.29809856414795
9,0,12,4.31263256072998
8,0,13,5.07454347610474
6,0,12,3.82165598869324
6,0,13,6.27756023406982
8,0,12,8.72733974456787
7,0,13,5.26088333129883
7,0,13,10.9423484802246
6,0,13,5.57324838638306
9,0,12,9.33021450042725
4,0,12,7.91410827636719
5,0,12,5.3895149230957
9,0,12,2.90911316871643
11,0,11,9.01333999633789
9,0,12,4.99270153045654
3,0,12,2.24563121795654
9,0,12,3.36844682693481
8,0,13,7.34933853149414
8,0,12,4.0589485168457
8,0,11,3.02936148643494
5,0,12,2.44977951049805
4,0,13,2.71865773200989
6,0,12,0.679823875427246
9,0,12,5.23708438873291
7,0,12,3.17903661727905
8,0,13,4.89955902099609
6,0,8,0.0979911834001541
7,0,12,2.5641815662384
8,0,13,11.3739767074585
8,0,13,5.70396423339844
7,0,13,8.00984287261963
11,0,9,0.908064901828766
8,0,13,7.40631008148193
8,0,13,2.83658671379089
7,0,13,3.66761612892151
7,0,12,2.98566889762878
9,0,12,4.65458106994629
8,0,12,2.78900790214539
10,0,12,2.10212111473083
8,0,12,4.09045743942261
6,0,14,8.64814376831055
9,0,11,3.01709699630737
8,0,12,2.54777073860168
6,0,9,1.14506542682648
7,0,13,7.6555609703064
11,0,11,7.07714080810547
8,0,13,1.7498425245285
10,0,12,5.51200389862061
8,0,12,3.98089170455933
6,0,12,4.0146689414978
4,0,12,3.97055172920227
10,0,12,3.53857040405273
5,0,14,4.46265554428101
7,0,13,6.12444877624512
9,0,12,4.08826303482056
7,0,12,1.7076210975647
6,0,13,6.73689365386963
3,0,13,0.594162940979004
4,0,12,1.45199692249298
6,0,13,9.79911804199219
8,0,13,5.69716167449951
9,0,12,16.7809906005859
9,0,12,2.86266374588013
8,0,14,5.7903881072998
7,0,13,7.50244998931885
3,0,12,3.54983973503113
9,0,13,2.41469430923462
13,0,7,4.35516357421875
10,0,11,1.99543440341949
9,0,12,1.1708505153656
8,0,13,7.34933853149414
6,0,11,4.27048492431641
6,0,9,2.65392780303955
6,0,12,3.35232996940613
6,0,12,5.97133779525757
9,0,13,4.89955902099609
8,0,13,1.63797557353973
8,0,13,5.97133779525757
6,0,12,2.75222134590149
8,0,12,12.7868041992188
5,0,12,3.36844682693481
8,0,14,3.67466926574707
10,0,12,2.68329048156738
3,0,14,2.8951940536499
4,0,12,11.207202911377
5,0,12,4.10401201248169
4,0,14,2.79816293716431
8,0,12,2.16387963294983
10,0,12,3.05103397369385
7,0,12,6.17129564285278
8,0,12,9.68325042724609
9,0,12,8.04927539825439
9,0,11,4.73602437973022
4,0,12,6.87348222732544
9,0,12,3.8277804851532
9,0,12,10.2940225601196
8,0,12,13.0878629684448
9,0,12,3.40666270256042
6,0,13,5.27681541442871
5,0,12,4.54959058761597
7,0,12,3.70315504074097
9,0,12,3.58408260345459
5,0,9,5.35245943069458
8,0,12,4.54959058761597
6,0,9,3.53857040405273
9,0,12,6.06612062454224
6,0,12,7.06405925750732
4,0,12,2.9034423828125
7,0,12,8.33430099487305
5,0,12,1.99044585227966
8,0,11,5.51200389862061
8,0,11,3.5125515460968
9,0,11,4.16462516784668
6,0,12,5.0246057510376
9,0,12,5.51605987548828
8,0,12,5.97133779525757
9,0,12,7.01478719711304
5,0,12,5.24541044235229
4,0,12,4.44022560119629
13,0,7,3.06222438812256
6,0,12,6.56641912460327
6,0,12,7.38074588775635
6,0,12,2.17551589012146
9,0,12,4.89955902099609
9,0,8,6.81111717224121
8,0,12,3.98089170455933
6,0,11,6.43067121505737
5,0,11,3.37602114677429
9,0,12,5.11102914810181
6,0,12,2.92175531387329
8,0,12,7.34933853149414
7,0,12,10.1007699966431
8,0,12,6.50102663040161
7,0,12,8.26800632476807
8,0,12,2.77736639976501
9,0,12,5.80879974365234
8,0,12,4.59333658218384
7,0,12,11.008885383606
9,0,12,7.72859334945679
7,0,12,1.96103036403656
6,0,12,7.66445541381836
9,0,12,4.28628969192505
7,0,12,2.24803304672241
5,0,12,6.10244464874268
9,0,11,6.73689365386963
8,0,11,2.97850894927979
9,0,12,4.06213426589966
6,0,12,5.51200389862061
6,0,12,5.70964527130127
5,0,13,6.41486549377441
10,0,9,6.39003992080688
7,0,12,10.4115629196167
8,0,10,3.76375222206116
8,0,11,2.76131224632263
9,0,11,5.08800363540649
9,0,12,3.33477830886841
10,0,8,2.8951940536499
4,0,11,2.51866602897644
8,0,12,4.06992101669312
9,0,11,3.8277804851532
6,0,12,5.64915895462036
6,0,12,5.81822633743286
6,0,12,2.29666829109192
11,0,10,3.98089170455933
3,0,12,1.49283444881439
2,0,12,2.5683171749115
6,0,12,5.59539699554443
9,0,12,10.6157112121582
3,0,12,8.20468521118164
6,0,12,1.22488975524902
9,0,12,11.0059947967529
7,0,12,6.61481523513794
5,0,9,1.59768223762512
9,0,12,7.16716337203979
9,0,12,7.6555609703064
9,0,12,4.15139532089233
8,0,12,9.59837245941162
6,0,12,6.48617792129517
6,0,12,9.42222881317139
7,0,12,8.04405212402344
6,0,13,4.89955902099609
5,0,12,4.89955902099609
7,0,12,4.65849018096924
8,0,12,3.50920987129211
5,0,11,1.84239614009857
8,0,12,3.06960320472717
9,0,12,3.93478107452393
7,0,12,3.06222438812256
9,0,12,6.12444877624512
6,0,12,4.89955902099609
9,0,12,5.35889291763306
8,0,12,6.2503719329834
6,0,12,3.98089170455933
8,0,12,5.86443376541138
9,0,11,4.63502883911133
5,0,12,1.61934578418732
5,0,12,5.16440010070801
8,0,12,3.9282808303833
6,0,12,4.08670806884766
5,0,11,6.24453592300415
9,0,11,4.50013828277588
9,0,12,3.17433977127075
8,0,12,3.77051687240601
5,0,11,2.33027815818787
5,0,12,7.96178340911865
8,0,12,6.84884595870972
9,0,12,5.14088296890259
9,0,12,9.56780815124512
9,0,11,5.87043952941895
8,0,12,3.91964721679688
7,0,12,7.6555609703064
9,0,12,6.73689365386963
7,0,9,4.28711414337158
6,0,13,8.21046543121338
10,0,11,2.64291572570801
8,0,12,3.67466926574707
7,0,12,0.689829587936401
8,0,12,1.82191836833954
5,0,12,6.64940166473389
7,0,11,3.98089170455933
6,0,12,2.50227475166321
8,0,11,1.48683905601501
7,0,11,4.09697246551514
9,0,11,7.29671812057495
9,0,11,4.21119117736816
5,0,13,8.36859035491943
9,0,11,3.15630650520325
9,0,12,4.71272325515747
8,0,12,3.52621626853943
7,0,12,4.70357656478882
8,0,10,4.17045783996582
9,0,12,4.83865308761597
3,0,11,2.4581835269928
9,0,12,6.12444877624512
6,0,12,8.88045120239258
7,0,12,7.6555609703064
8,0,11,5.20256567001343
6,0,12,3.1546688079834
5,0,12,3.41982650756836
9,0,12,4.88594150543213
9,0,12,0.51978999376297
9,0,12,4.28711414337158
6,0,12,3.06222438812256
6,0,13,4.69326162338257
8,0,12,10.9246921539307
8,0,11,4.67685174942017
9,0,10,2.44977951049805
9,0,12,2.22929930686951
9,0,12,4.2099461555481
8,0,12,5.17175674438477
7,0,12,1.22086489200592
6,0,12,2.92008113861084
4,0,10,2.9098904132843
7,0,12,1.55895066261292
9,0,12,3.76889157295227
9,0,12,7.96178340911865
4,0,11,0.816593170166016
7,0,12,3.9502694606781
6,0,10,2.17104244232178
7,0,12,4.45859861373901
6,0,10,3.54868054389954
6,0,13,11.6364526748657
8,0,12,2.91558265686035
5,0,11,2.3885350227356
6,0,11,4.89955902099609
4,0,12,7.04311609268188
6,0,12,4.38710498809814
7,0,11,5.3078556060791
9,0,12,5.89416933059692
6,0,10,2.33068418502808
6,0,12,1.00702404975891
9,0,12,6.36147499084473
10,0,11,6.05376625061035
10,0,10,3.40115022659302
8,0,12,4.97611474990845
9,0,12,2.86624193191528
7,0,11,2.78117084503174
9,0,11,2.77938628196716
5,0,13,3.14838576316833
10,0,10,3.67466926574707
8,0,12,8.88045120239258
9,0,12,4.89955902099609
8,0,12,0.281335115432739
9,0,12,7.55641317367554
8,0,12,4.89955902099609
5,0,12,2.28458642959595
9,0,12,2.82666873931885
8,0,13,6.01556968688965
5,0,13,4.50837135314941
9,0,12,9.47734069824219
11,0,10,8.63651084899902
4,0,12,3.67466926574707
6,0,12,3.12226796150208
9,0,11,9.2007474899292
2,0,12,4.24410820007324
9,0,12,2.51507472991943
5,0,11,3.59230136871338
5,0,12,4.7356333732605
6,0,12,3.87704229354858
8,0,11,6.04956483840942
6,0,11,2.92399096488953
7,0,11,10.3930044174194
9,0,11,8.59367084503174
8,0,11,7.31752347946167
7,0,10,7.16280555725098
7,0,12,6.76912784576416
8,0,10,6.21959114074707
7,0,11,11.3066749572754
8,0,10,4.67935419082642
7,0,11,4.28743505477905
4,0,11,3.11311173439026
7,0,11,4.81074523925781
8,0,11,6.60795783996582
10,0,8,2.58302140235901
6,0,11,12.0957860946655
6,0,8,1.44616794586182
4,0,11,7.96178340911865
6,0,11,5.58855962753296
8,0,11,5.21824932098389
8,0,10,3.21688222885132
9,0,11,3.32915282249451
3,0,11,3.06222438812256
9,0,11,4.27478313446045
9,0,11,4.74644804000854
8,0,11,6.34224557876587
7,0,10,1.83556962013245
7,0,11,5.59415054321289
5,0,12,2.92008113861084
6,0,11,7.04311609268188
8,0,11,6.12444877624512
4,0,11,0.661758601665497
9,0,11,6.12444877624512
9,0,11,6.43067121505737
4,0,11,7.34933853149414
7,0,11,8.14694118499756
3,0,11,5.53632831573486
7,0,11,1.96581590175629
5,0,11,7.60528564453125
9,0,11,5.82680559158325
6,0,11,2.94880867004395
8,0,11,3.15318155288696
9,0,9,2.14355707168579
7,0,12,10.7709684371948
6,0,11,3.14280915260315
4,0,10,5.12973976135254
9,0,11,5.45950841903687
7,0,10,5.51200389862061
5,0,10,8.38082504272461
8,0,11,7.11478519439697
8,0,11,10.1053409576416
4,0,11,10.5654001235962
7,0,11,7.04311609268188
7,0,11,6.29887914657593
6,0,11,6.36942672729492
7,0,12,4.54959058761597
7,0,11,6.11106109619141
6,0,11,7.7205171585083
8,0,10,1.65296542644501
7,0,11,3.72885894775391
6,0,11,5.12423706054688
8,0,10,1.5519415140152
8,0,10,6.22788381576538
6,0,10,3.67466926574707
7,0,11,4.27888536453247
8,0,11,5.78760433197021
9,0,10,4.38263320922852
6,0,11,2.35303664207458
8,0,11,3.36844682693481
8,0,10,3.98089170455933
6,0,11,5.37504386901855
7,0,11,5.68698835372925
9,0,11,5.97408294677734
8,0,11,5.20578145980835
5,0,10,3.34012174606323
7,0,11,4.45859861373901
4,0,10,2.89190769195557
8,0,11,3.67466926574707
9,0,11,4.43233299255371
5,0,11,2.89994406700134
7,0,11,3.85720038414001
6,0,11,7.41893434524536
5,0,11,6.73689365386963
8,0,12,4.1159462928772
7,0,11,8.35102653503418
7,0,11,11.9807958602905
9,0,11,5.32827043533325
7,0,12,3.18471336364746
8,0,11,4.54959058761597
6,0,11,9.91467380523682
4,0,11,2.56609988212585
5,0,11,10.7812118530273
8,0,11,6.31417751312256
9,0,10,2.14355707168579
7,0,11,9.19471073150635
9,0,11,2.9010546207428
8,0,11,1.92313611507416
3,0,11,5.20578145980835
8,0,11,0.551200389862061
4,0,11,5.39781951904297
9,0,11,10.7349891662598
8,0,11,5.60613059997559
7,0,10,3.06222438812256
6,0,12,6.42786169052124
7,0,10,4.38135528564453
8,0,11,6.98745584487915
7,0,10,5.17839574813843
4,0,11,4.08296585083008
8,0,11,3.74672150611877
5,0,11,7.27588033676147
7,0,11,4.04202890396118
8,0,11,5.20578145980835
8,0,10,5.20578145980835
9,0,11,8.24245357513428
5,0,10,2.27479529380798
7,0,11,3.81860113143921
8,0,12,5.51077175140381
8,0,9,3.60595440864563
9,0,11,4.66467809677124
9,0,11,4.99142599105835
5,0,11,3.06222438812256
4,0,11,8.40764331817627
9,0,10,8.88045120239258
9,0,10,7.04311609268188
8,0,10,4.1539740562439
3,0,11,3.52406811714172
7,0,11,5.36090612411499
9,0,11,4.11225557327271
8,0,11,8.58057498931885
6,0,10,7.49344301223755
7,0,11,4.51275157928467
4,0,11,3.45010614395142
9,0,11,4.3883843421936
9,0,11,2.48040175437927
7,0,11,6.30307865142822
6,0,11,3.8277804851532
6,0,11,3.46164488792419
9,0,10,3.95464396476746
8,0,11,8.53794002532959
7,0,10,5.12057542800903
8,0,10,2.14355707168579
9,0,11,3.94799184799194
8,0,11,3.05341649055481
7,0,10,4.64437389373779
8,0,11,2.2579448223114
9,0,11,9.45285987854004
8,0,10,6.6625804901123
7,0,11,10.1836767196655
7,0,10,5.91954135894775
4,0,11,2.16157007217407
7,0,11,7.43719577789307
7,0,11,6.12444877624512
3,0,11,1.79758048057556
8,0,11,2.82514905929565
6,0,11,10.1053409576416
5,0,11,6.12444877624512
6,0,11,6.95960092544556
8,0,11,7.99509620666504
5,0,11,6.89000511169434
8,0,11,5.81070518493652
8,0,11,7.17641305923462
4,0,11,1.192138671875
2,0,11,3.89567375183105
8,0,12,3.28999304771423
6,0,11,3.87434720993042
8,0,11,4.26851654052734
6,0,11,6.11431217193604
9,0,10,3.9844491481781
8,0,11,8.77298355102539
7,0,11,3.94725036621094
9,0,10,3.67466926574707
8,0,11,2.44977951049805
6,0,11,3.36844682693481
6,0,11,3.81076812744141
7,0,11,2.44977951049805
6,0,11,4.35951852798462
5,0,11,2.24275588989258
7,0,10,4.59333658218384
9,0,11,6.09668064117432
5,0,11,1.80632960796356
3,0,10,1.93012928962708
3,0,11,4.28436756134033
3,0,10,1.99044585227966
2,0,10,0.271328091621399
4,0,11,2.51689672470093
7,0,11,3.22502613067627
9,0,10,7.55029249191284
11,0,8,1.47647094726562
8,0,10,2.64762401580811
8,0,12,5.310950756073
8,0,12,3.06222438812256
9,0,11,4.13400316238403
5,0,11,6.49941492080688
7,0,11,2.94307160377502
5,0,11,2.44977951049805
6,0,10,3.18906211853027
7,0,11,4.54959058761597
5,0,10,4.67685174942017
6,0,11,4.3456130027771
7,0,10,2.31615519523621
8,0,10,3.06222438812256
8,0,12,6.12444877624512
7,0,11,4.33786153793335
7,0,11,3.60533595085144
8,0,10,5.78803873062134
5,0,11,5.71052074432373
7,0,12,2.7560019493103
10,0,8,3.36024880409241
9,0,11,7.27934503555298
9,0,11,4.85932445526123
7,0,10,5.1037073135376
6,0,10,18.515775680542
9,0,10,5.47127628326416
10,0,9,5.60792922973633
8,0,10,5.45075941085815
8,0,10,6.73689365386963
6,0,10,3.46744346618652
5,0,10,7.47182750701904
5,0,10,4.40591907501221
9,0,10,5.35889291763306
8,0,10,1.7498425245285
5,0,9,2.31090307235718
9,0,10,10.8415775299072
10,0,9,2.7560019493103
9,0,10,3.98089170455933
9,0,10,3.42538547515869
8,0,9,1.1942675113678
8,0,10,3.96129894256592
8,0,10,2.24426102638245
9,0,9,5.97133779525757
6,0,10,1.84392011165619
8,0,10,4.13400316238403
5,0,10,0.518682956695557
4,0,10,5.64665508270264
9,0,10,10.9729709625244
3,0,10,1.01910829544067
4,0,9,3.79132533073425
8,0,9,3.06222438812256
9,0,10,7.04311609268188
7,0,10,1.98336243629456
8,0,9,3.1453959941864
4,0,9,3.35232996940613
5,0,11,0.554104089736938
4,0,9,0.324970752000809
9,0,10,4.49126243591309
3,0,9,0.551465511322021
9,0,8,5.71249055862427
4,0,9,2.42500472068787
9,0,6,4.51732397079468
8,0,9,4.63015174865723
3,0,9,2.32729053497314
9,0,8,2.14355707168579
9,0,9,3.67466926574707
3,0,8,1.48126208782196
3,0,8,1.67616498470306
10,1,12,11.4558038711548
7,1,14,2.93328857421875
12,1,11,6.2191309928894
12,1,12,6.91537761688232
11,1,11,4.94656276702881
12,1,12,5.13456392288208
10,1,12,3.06222438812256
7,1,11,5.5872163772583
11,1,12,7.6555609703064
10,1,14,16.6564502716064
9,1,15,3.21688222885132
12,1,12,6.82876062393188
8,1,11,1.03288006782532
11,1,12,3.49093580245972
10,1,12,6.13099908828735
11,1,13,4.63844394683838
7,1,15,7.96178340911865
8,1,15,8.94582366943359
9,1,13,2.44977951049805
11,1,12,2.63294053077698
14,1,8,6.18937206268311
9,1,12,2.04148292541504
10,1,11,1.09279382228851
8,1,14,0.734933853149414
11,1,12,3.50318479537964
6,1,14,9.03356170654297
9,1,15,8.75796222686768
12,1,10,4.89955902099609
8,1,13,6.34826564788818
11,1,12,2.91173791885376
5,1,15,3.26637268066406
8,1,12,4.33294343948364
10,1,12,3.25272488594055
12,1,12,10.5646743774414
12,1,12,7.94475889205933
11,1,12,6.12444877624512
15,1,8,3.23937797546387
9,1,12,2.52945780754089
12,1,11,2.96252417564392
16,1,8,5.73799610137939
9,1,14,9.79911804199219
11,1,12,6.12444877624512
9,1,15,15.7167673110962
7,1,12,7.46417188644409
9,1,12,2.35904693603516
12,1,12,6.11974143981934
8,1,15,12.2048892974854
8,1,12,5.57324838638306
13,1,9,4.42321300506592
7,1,12,10.9684991836548
12,1,10,2.00296449661255
14,1,9,7.83929443359375
11,1,12,4.8253231048584
9,1,11,3.34060835838318
9,1,13,6.27829027175903
11,1,10,2.07473182678223
10,1,11,3.67466926574707
8,1,14,5.4109206199646
9,1,13,6.63481950759888
6,1,13,3.36844682693481
9,1,11,6.35530376434326
11,1,12,4.89955902099609
9,1,12,4.7491340637207
11,1,12,2.46558451652527
11,1,12,7.04311609268188
6,1,11,2.59220862388611
9,1,11,4.89955902099609
6,1,12,4.98659086227417
5,1,14,3.07553195953369
9,1,12,4.39408540725708
7,1,12,7.72488689422607
5,1,14,14.3825769424438
10,1,10,9.63442707061768
7,1,12,5.73822212219238
9,1,10,4.3388466835022
10,1,12,4.41133451461792
8,1,14,10.6349773406982
9,1,12,7.6963906288147
6,1,14,11.6609506607056
5,1,14,1.38465797901154
6,1,13,1.48619961738586
4,1,14,5.08629369735718
8,1,12,9.03464794158936
10,1,11,2.44977951049805
14,1,9,7.19622755050659
12,1,11,5.51200389862061
9,1,12,3.21438455581665
13,1,8,1.03170597553253
11,1,10,6.12444877624512
3,1,15,6.45550012588501
4,1,12,2.34372854232788
11,1,12,4.89955902099609
7,1,14,3.98089170455933
8,1,10,0.868558168411255
12,1,11,6.73689365386963
6,1,12,0.831952273845673
7,1,13,4.54959058761597
6,1,11,6.00889301300049
10,1,12,8.68558216094971
12,1,10,3.06222438812256
11,1,8,1.52500236034393
10,1,12,5.34536695480347
13,1,10,7.04311609268188
6,1,12,6.12444877624512
6,1,14,3.59564423561096
14,1,9,3.67611193656921
8,1,14,2.04898834228516
6,1,14,2.44977951049805
9,1,12,3.001300573349
11,1,9,5.07524061203003
8,1,14,4.48551177978516
11,1,12,8.95300960540771
7,1,10,1.0734988451004
7,1,14,14.2903804779053
8,1,13,4.89955902099609
9,1,12,8.26800632476807
7,1,12,3.43449473381042
11,1,12,7.34933853149414
7,1,14,4.85104846954346
12,1,10,4.72839546203613
10,1,12,5.51200389862061
9,1,12,6.80869770050049
12,1,10,2.61757254600525
7,1,12,4.02562093734741
8,1,12,5.43731546401978
9,1,12,12.2838945388794
9,1,12,3.98089170455933
11,1,10,4.04836463928223
6,1,13,11.0924940109253
9,1,12,5.20578145980835
10,1,9,3.12226796150208
13,1,9,3.98089170455933
10,1,11,7.26405191421509
8,1,12,5.83013868331909
8,1,13,3.19196796417236
11,1,11,3.91563129425049
8,1,12,3.33283948898315
7,1,14,4.60440492630005
11,1,10,2.84678554534912
8,1,9,1.08817088603973
7,1,12,1.43296408653259
10,1,9,3.8277804851532
8,1,12,8.11489486694336
8,1,12,7.46417188644409
8,1,12,5.81682825088501
8,1,11,6.43376445770264
11,1,10,2.53201603889465
9,1,12,4.49606609344482
9,1,10,1.79782211780548
10,1,12,5.20578145980835
5,1,12,0.318471342325211
10,1,9,5.91446781158447
8,1,12,10.1984996795654
8,1,12,4.74644804000854
8,1,9,5.42848873138428
6,1,11,4.25401926040649
8,1,12,6.12444877624512
9,1,12,4.89955902099609
8,1,13,7.96178340911865
7,1,13,5.85198783874512
8,1,13,4.1904125213623
9,1,12,2.33826231956482
7,1,12,7.96178340911865
12,1,10,2.7560019493103
7,1,13,5.94293403625488
10,1,12,2.11491751670837
7,1,13,5.0526704788208
13,1,8,3.18471336364746
3,1,11,1.64726555347443
6,1,12,5.20578145980835
6,1,14,10.6157112121582
10,1,11,4.81316900253296
8,1,13,9.93341636657715
9,1,12,5.67853784561157
8,1,12,3.57832956314087
8,1,11,4.61616992950439
7,1,12,8.03943729400635
9,1,13,7.14519023895264
8,1,10,7.43324327468872
4,1,12,2.00801610946655
10,1,11,2.00296449661255
8,1,12,3.28121995925903
4,1,12,1.99356079101562
11,1,11,9.3755578994751
7,1,13,5.97133779525757
7,1,13,9.75318431854248
5,1,12,4.59333658218384
9,1,12,7.04311609268188
9,1,11,5.59750270843506
5,1,12,6.25568675994873
4,1,11,2.76131224632263
9,1,8,4.89955902099609
10,1,11,10.1053409576416
8,1,12,2.56973433494568
6,1,11,7.73516702651978
9,1,10,2.7560019493103
8,1,11,9.35390758514404
6,1,11,5.77580261230469
7,1,12,5.00653648376465
11,1,8,5.70915079116821
8,1,9,0.525819480419159
6,1,12,2.14355707168579
8,1,11,7.6555609703064
7,1,12,8.57422828674316
7,1,12,3.11209774017334
9,1,12,3.97691082954407
5,1,12,3.76592040061951
9,1,12,7.34933853149414
12,1,8,1.04115629196167
6,1,9,5.81822633743286
7,1,11,0.221160650253296
6,1,11,4.89955902099609
4,1,11,3.10703754425049
8,1,11,3.8370041847229
8,1,12,4.38665771484375
2,1,12,3.72844481468201
8,1,11,4.59333658218384
8,1,12,6.32201147079468
12,1,8,6.05095529556274
7,1,11,4.39270830154419
3,1,12,6.43067121505737
5,1,12,5.73248386383057
5,1,11,4.59333658218384
5,1,12,3.68601083755493
8,1,12,7.15604543685913
9,1,12,7.04311609268188
8,1,11,4.77707004547119
3,1,11,9.49289608001709
7,1,13,3.79132533073425
9,1,12,3.36844682693481
9,1,11,3.98089170455933
6,1,10,5.73248386383057
10,1,11,2.20586204528809
10,1,10,1.9053840637207
5,1,11,4.77707004547119
3,1,12,2.38109421730042
4,1,12,4.55698823928833
10,1,11,7.96178340911865
8,1,11,5.53863191604614
5,1,13,9.66301918029785
5,1,12,5.20578145980835
4,1,11,6.40787410736084
7,1,11,5.69623517990112
5,1,11,39.8089179992676
7,1,12,4.59333658218384
8,1,12,9.56945133209229
6,1,12,8.57422828674316
7,1,12,0.762537002563477
6,1,12,5.72532749176025
6,1,11,18.4734191894531
2,1,13,3.36413383483887
10,1,9,4.73211479187012
7,1,8,2.14355707168579
9,1,11,4.13400316238403
9,1,11,7.68469142913818
6,1,11,3.7052915096283
7,1,12,5.40751314163208
6,1,12,3.9676661491394
5,1,11,6.09838724136353
6,1,11,3.31740975379944
5,1,11,11.7228717803955
6,1,11,3.74546265602112
8,1,10,7.96178340911865
9,1,9,2.54099464416504
7,1,11,4.22002649307251
9,1,11,4.45859861373901
7,1,11,7.6555609703064
8,1,11,5.38413095474243
8,1,11,5.66530990600586
7,1,11,5.20578145980835
7,1,10,5.44912958145142
7,1,11,4.11413335800171
5,1,12,11.8895969390869
4,1,10,3.06222438812256
4,1,11,4.56271457672119
9,1,10,4.89955902099609
10,1,10,0.826125383377075
7,1,8,1.83733463287354
4,1,11,6.27756023406982
4,1,11,4.74644804000854
7,1,11,5.20578145980835
7,1,11,3.20940113067627
7,1,10,5.20578145980835
8,1,10,5.81822633743286
8,1,10,6.23943853378296
2,1,11,11.8114366531372
9,1,10,5.81822633743286
9,1,11,2.9047966003418
5,1,12,4.10338068008423
8,1,11,7.34933853149414
7,1,10,0.50470894575119
9,1,9,0.469721734523773
7,1,11,4.63150835037231
8,1,11,3.59854626655579
4,1,11,6.43067121505737
7,1,10,6.36942672729492
5,1,10,4.35178232192993
8,1,10,4.68483734130859
4,1,10,3.97044324874878
8,1,11,10.7071132659912
7,1,10,4.74644804000854
5,1,10,9.84365940093994
2,1,12,4.50626087188721
8,1,9,5.46396923065186
8,1,10,4.19962215423584
7,1,11,3.18471336364746
8,1,11,5.62670230865479
7,1,10,2.14355707168579
6,1,9,3.67466926574707
7,1,10,5.7406849861145
8,1,11,7.96178340911865
8,1,10,1.37800097465515
8,1,11,5.13287115097046
7,1,10,3.06222438812256
9,1,11,6.82438564300537
10,1,9,1.31328392028809
10,1,9,5.51200389862061
4,1,13,5.93951892852783
6,1,11,6.58679103851318
6,1,11,4.09463167190552
6,1,11,6.60978269577026
7,1,9,5.35245943069458
5,1,9,2.0603506565094
4,1,8,3.63967251777649
7,1,10,6.57875061035156
7,1,10,2.51424741744995
8,1,9,5.3287525177002
9,1,8,7.34933853149414
3,1,8,9.09918117523193
7,1,10,8.66609477996826
7,1,10,2.17139554023743
5,1,11,9.2993631362915
6,1,10,2.8152163028717
9,1,10,7.04311609268188
6,1,10,7.46305084228516
7,1,10,5.39287853240967
9,1,10,3.25199604034424
5,1,11,4.28711414337158
5,1,10,5.91514348983765
7,1,10,7.13498306274414
4,1,10,11.6364526748657
6,1,9,5.1778244972229
6,1,7,4.65406942367554
3,1,8,0.776759386062622
3,1,10,5.38413095474243
10,1,12,11.1989917755127
9,1,12,7.45358467102051
11,1,12,7.8115611076355
8,1,12,8.26800632476807
14,1,8,1.85157752037048
10,1,11,4.5122709274292
8,1,10,3.78980898857117
9,1,13,3.5713791847229
10,1,14,10.6157112121582
11,1,12,5.51200389862061
7,1,15,12.0867319107056
9,1,12,4.89955902099609
7,1,12,2.58757972717285
11,1,12,3.15318155288696
8,1,14,2.4419527053833
10,1,12,3.87812161445618
5,1,14,6.07769727706909
14,1,10,5.47977018356323
11,1,12,8.71728134155273
14,1,8,5.65432119369507
8,1,10,7.60074806213379
6,1,14,8.10654354095459
12,1,10,2.36452031135559
11,1,9,4.1904125213623
12,1,12,5.66171264648438
10,1,12,7.96178340911865
11,1,12,5.84606456756592
7,1,14,4.12182188034058
18,1,6,5.06161499023438
16,1,8,5.24880647659302
16,1,8,4.0991358757019
11,1,11,12.3279228210449
9,1,14,25.0767345428467
10,1,12,5.84947347640991
11,1,12,5.51200389862061
11,1,13,3.06222438812256
12,1,12,8.32042217254639
8,1,15,0.891244411468506
7,1,15,7.82834577560425
12,1,11,4.39877557754517
11,1,13,8.4503173828125
16,1,6,0.23144719004631
9,1,9,2.67248678207397
13,1,6,3.58120369911194
14,1,8,10.4115629196167
17,1,6,7.00636959075928
11,1,13,9.58232307434082
8,1,12,4.59333658218384
11,1,12,6.75723314285278
10,1,10,7.34933853149414
9,1,14,10.3948211669922
11,1,12,6.51096963882446
12,1,11,18.3733463287354
15,1,4,3.56497764587402
9,1,13,9.02398109436035
8,1,13,6.21019124984741
9,1,12,6.43067121505737
7,1,14,10.1053409576416
11,1,12,11.7853145599365
6,1,12,3.47021770477295
9,1,12,4.24628448486328
7,1,14,6.2554874420166
9,1,13,13.6098861694336
11,1,12,6.43067121505737
9,1,12,6.73689365386963
9,1,13,5.88770532608032
9,1,12,1.74164009094238
6,1,13,10.4367952346802
9,1,13,5.12973976135254
6,1,13,7.01179790496826
8,1,14,10.5646743774414
18,1,4,9.09918117523193
6,1,12,3.30756592750549
10,1,11,3.55833888053894
10,1,12,7.34933853149414
10,1,10,5.49271202087402
10,1,10,1.56113398075104
10,1,11,12.1515293121338
15,1,8,4.79612016677856
11,1,12,5.41401290893555
9,1,13,6.63481950759888
11,1,12,12.4890718460083
11,1,12,3.06222438812256
9,1,13,5.98434686660767
10,1,12,7.50816535949707
9,1,12,12.8532381057739
11,1,12,5.81822633743286
11,1,12,7.55694723129272
6,1,13,2.31615519523621
11,1,12,4.28711414337158
6,1,14,11.3302307128906
11,1,11,3.25635313987732
10,1,12,4.8253231048584
10,1,10,9.91029167175293
17,1,6,5.60688972473145
7,1,12,4.1539740562439
8,1,12,4.87456130981445
7,1,12,1.66343057155609
8,1,12,3.25877642631531
7,1,10,6.96656036376953
8,1,13,10.2272348403931
11,1,10,2.81417965888977
9,1,11,5.20578145980835
9,1,12,10.4942502975464
8,1,12,9.79911804199219
5,1,13,9.76406764984131
12,1,11,7.96178340911865
10,1,12,4.28711414337158
8,1,13,7.04311609268188
12,1,9,3.64198470115662
9,1,12,6.56391286849976
7,1,12,13.7717332839966
10,1,9,4.15139532089233
10,1,8,2.54777073860168
15,1,6,6.73689365386963
8,1,12,4.28711414337158
8,1,12,9.18667316436768
8,1,12,5.81822633743286
8,1,12,7.04311609268188
8,1,11,4.15962553024292
10,1,12,4.97611474990845
8,1,12,5.13099193572998
12,1,9,5.35889291763306
13,1,8,2.642338514328
7,1,11,3.82165598869324
10,1,11,4.59333658218384
8,1,12,4.59241771697998
13,1,8,5.51200389862061
7,1,12,5.75550603866577
8,1,12,4.09433174133301
9,1,12,3.18000221252441
11,1,11,6.95637035369873
8,1,13,10.5553951263428
9,1,10,3.61312699317932
10,1,12,9.7644510269165
4,1,11,2.79360818862915
10,1,11,5.20578145980835
9,1,12,4.60440492630005
10,1,11,9.18667316436768
9,1,12,8.15703105926514
10,1,12,10.110200881958
9,1,12,12.1692295074463
8,1,12,5.98834991455078
10,1,12,16.2297897338867
9,1,12,7.56878852844238
11,1,10,10.1846160888672
11,1,9,7.00353002548218
7,1,12,4.12260627746582
7,1,12,3.38439249992371
10,1,11,4.81490135192871
5,1,12,7.12029409408569
8,1,11,3.67466926574707
5,1,12,9.18667316436768
11,1,7,6.13099908828735
7,1,11,2.7560019493103
8,1,11,5.81822633743286
6,1,11,11.3302307128906
9,1,9,1.60035848617554
6,1,10,1.30990779399872
6,1,11,2.44306778907776
11,1,9,4.09045743942261
7,1,10,4.34985256195068
10,1,10,11.1263408660889
7,1,10,0.683265805244446
6,1,11,7.31623363494873
10,1,11,4.89955902099609
11,1,10,6.73689365386963
5,1,12,6.26500988006592
10,1,11,3.36498022079468
7,1,12,4.16907930374146
8,1,11,5.2423267364502
8,1,12,2.82041025161743
9,1,12,8.57422828674316
7,1,11,9.18667316436768
7,1,10,4.17289304733276
7,1,9,10.1331787109375
10,1,11,5.84666585922241
10,1,10,7.6555609703064
8,1,12,3.24970746040344
4,1,13,5.67291831970215
10,1,8,4.09463167190552
6,1,11,7.34933853149414
9,1,12,8.20097827911377
8,1,11,5.20578145980835
7,1,11,9.95222949981689
8,1,10,2.96942973136902
14,1,6,5.51200389862061
18,1,3,5.51682615280151
8,1,12,14.3924551010132
12,1,7,5.0526704788208
10,1,10,10.4256601333618
9,1,12,6.26054763793945
6,1,11,2.7560019493103
6,1,11,4.06935596466064
9,1,11,3.76717686653137
4,1,11,2.25006914138794
8,1,12,4.59870910644531
9,1,11,1.58330917358398
8,1,12,8.92142295837402
8,1,13,20.8453960418701
6,1,11,4.89955902099609
9,1,11,4.01805877685547
8,1,10,6.25204133987427
8,1,11,3.43519639968872
9,1,11,5.74497318267822
7,1,12,5.95515489578247
2,1,13,4.78424644470215
10,1,7,4.0355396270752
8,1,13,8.94195938110352
9,1,12,9.18667316436768
14,1,6,5.45950841903687
10,1,8,5.8159122467041
7,1,11,2.64072418212891
8,1,9,2.44977951049805
8,1,9,2.78953003883362
8,1,12,7.91233158111572
3,1,10,5.92504835128784
6,1,10,7.96178340911865
8,1,11,4.03003835678101
9,1,10,4.61159515380859
5,1,11,5.15374851226807
7,1,11,5.3078556060791
8,1,11,7.61286067962646
8,1,11,8.88045120239258
9,1,9,3.36844682693481
6,1,9,5.16440010070801
11,1,9,4.79965686798096
11,1,5,3.80264282226562
5,1,9,2.55780124664307
5,1,10,5.51200389862061
7,1,11,13.4693975448608
10,1,10,7.04311609268188
7,1,11,5.97133779525757
8,1,11,11.0714359283447
6,1,11,3.11548042297363
6,1,9,4.89955902099609
7,1,11,5.35889291763306
7,1,10,3.76889157295227
8,1,10,5.55012273788452
5,1,10,2.10559558868408
9,1,11,3.86807298660278
5,1,11,7.34933853149414
9,1,11,10.7020177841187
8,1,10,5.7903881072998
9,1,10,6.88983392715454
7,1,11,6.58378267288208
7,1,12,5.33237218856812
5,1,11,3.49201035499573
5,1,11,5.55473279953003
6,1,10,9.62820339202881
8,1,10,4.08803796768188
6,1,10,2.34514975547791
6,1,9,0.813810884952545
8,1,11,3.79886293411255
4,1,11,1.61169707775116
8,1,11,9.64600658416748
6,1,10,3.99337100982666
6,1,10,3.46635460853577
5,1,12,9.90299606323242
7,1,10,4.89955902099609
4,1,10,2.48805737495422
9,1,11,3.92770409584045
7,1,10,3.06222438812256
11,1,9,4.98476886749268
12,1,6,2.7560019493103
8,1,10,8.73349285125732
8,1,10,2.14355707168579
6,1,10,5.6714072227478
9,1,11,2.58499455451965
11,1,8,3.98089170455933
6,1,11,10.4115629196167
6,1,10,5.24292373657227
3,1,10,0.982936203479767
10,1,9,3.98089170455933
6,1,11,11.5956230163574
10,1,10,6.99937009811401
9,1,9,5.96667623519897
9,1,9,6.12444877624512
6,1,10,6.48737907409668
8,1,10,3.03995370864868
4,1,10,2.3885350227356
8,1,10,8.47449016571045
8,1,10,6.35170125961304
4,1,10,5.20578145980835
9,1,10,7.03372287750244
8,1,9,5.77871370315552
4,1,9,3.98089170455933
4,1,10,1.0049055814743
6,1,10,9.12815952301025
7,1,9,5.15743064880371
4,1,9,4.59333658218384
4,1,9,1.83121013641357
6,1,9,3.75125575065613
11,1,13,6.17391920089722
12,1,12,8.26800632476807
7,1,13,5.10496616363525
8,1,14,8.52097225189209
9,1,15,21.4355716705322
5,1,15,7.24975395202637
12,1,12,13.1675653457642
8,1,14,6.43067121505737
5,1,14,13.6098861694336
12,1,12,5.62421798706055
11,1,11,4.7926459312439
9,1,14,13.2219638824463
5,1,15,8.26800632476807
11,1,12,7.27934503555298
8,1,15,12.5551204681396
11,1,12,7.42715644836426
11,1,12,8.49256896972656
9,1,12,15.3111219406128
9,1,15,13.7800102233887
10,1,13,9.79911804199219
12,1,12,3.98089170455933
11,1,12,6.88586664199829
14,1,9,2.75732755661011
13,1,11,4.08848333358765
12,1,12,7.6555609703064
6,1,12,2.66700124740601
9,1,15,7.83585023880005
15,1,8,3.61899256706238
9,1,12,7.51265716552734
11,1,12,5.54092645645142
12,1,12,5.81822633743286
6,1,14,5.18441724777222
9,1,12,10.7177858352661
11,1,13,4.48551177978516
14,1,5,7.50044631958008
9,1,14,10.2917127609253
9,1,15,16.3318634033203
8,1,14,5.4190149307251
8,1,15,5.68698835372925
9,1,15,15.9386034011841
10,1,12,4.93304109573364
11,1,12,9.96042060852051
10,1,12,5.14124155044556
11,1,12,7.37383651733398
5,1,15,11.745041847229
7,1,14,4.93406295776367
7,1,13,8.68558216094971
12,1,12,9.25472259521484
10,1,12,4.89955902099609
12,1,11,1.6359828710556
14,1,8,4.08995723724365
8,1,14,7.44684219360352
12,1,12,7.8086724281311
12,1,12,3.67466926574707
10,1,12,5.12081146240234
12,1,12,7.43874645233154
10,1,13,8.33193016052246
11,1,13,7.30917835235596
11,1,12,5.04803037643433
9,1,14,5.17606067657471
12,1,12,5.35889291763306
10,1,14,6.73689365386963
15,1,8,2.93221688270569
11,1,13,11.1464967727661
10,1,13,7.9355263710022
9,1,15,7.10436058044434
9,1,14,7.28529214859009
12,1,12,5.56768083572388
9,1,15,14.1474771499634
11,1,12,8.88045120239258
10,1,12,10.1665849685669
8,1,14,10.0713157653809
11,1,12,5.02717208862305
11,1,12,5.35889291763306
11,1,12,5.51200389862061
9,1,13,4.29513120651245
8,1,15,9.79911804199219
9,1,12,9.18667316436768
8,1,16,8.98252487182617
10,1,12,7.50244998931885
10,1,12,11.0240077972412
12,1,12,4.69762516021729
9,1,14,12.3101425170898
8,1,13,7.6555609703064
12,1,12,8.67630290985107
14,1,10,5.35245943069458
11,1,12,5.41401290893555
10,1,14,11.7159605026245
7,1,15,12.2488975524902
11,1,13,6.12444877624512
11,1,12,2.58020758628845
8,1,15,5.23801565170288
5,1,14,8.42569828033447
11,1,10,4.25108814239502
7,1,14,5.18583583831787
11,1,13,14.345555305481
7,1,16,8.57422828674316
7,1,13,2.58569359779358
8,1,15,8.49256896972656
10,1,12,5.35889291763306
8,1,15,9.66416263580322
11,1,13,7.10259819030762
11,1,12,6.30886173248291
7,1,14,6.74727392196655
9,1,12,5.27270412445068
11,1,11,12.3585891723633
12,1,12,4.94882345199585
11,1,12,11.7695932388306
9,1,12,5.1037073135376
12,1,12,9.18667316436768
11,1,12,10.1053409576416
12,1,12,5.85784196853638
10,1,14,4.59333658218384
9,1,14,11.6364526748657
10,1,12,0.338237076997757
10,1,12,8.12426853179932
9,1,12,3.3113226890564
8,1,12,2.76931595802307
9,1,12,3.36413383483887
6,1,14,4.45414447784424
10,1,12,10.044095993042
6,1,14,11.3302307128906
12,1,12,6.73689365386963
10,1,14,4.61552667617798
10,1,12,6.58378267288208
9,1,14,4.99029159545898
12,1,12,8.81920623779297
9,1,12,3.57395601272583
9,1,12,4.66055631637573
10,1,12,4.70226144790649
15,1,9,3.92919182777405
11,1,12,9.82070159912109
10,1,14,3.58280253410339
11,1,12,8.26800632476807
12,1,11,6.43067121505737
9,1,15,5.94162940979004
10,1,12,3.99252820014954
6,1,15,6.06612062454224
9,1,15,8.57422828674316
9,1,15,8.26800632476807
9,1,14,11.9962301254272
9,1,15,12.1199617385864
9,1,14,6.3042106628418
9,1,15,9.35257625579834
7,1,14,6.84035921096802
7,1,14,7.25447225570679
12,1,12,3.65574169158936
8,1,15,6.92050409317017
7,1,15,11.2666749954224
8,1,15,9.18667316436768
7,1,15,3.58840942382812
11,1,9,3.45511364936829
9,1,15,9.72060585021973
9,1,15,14.6183567047119
8,1,14,11.557427406311
12,1,12,6.59816312789917
9,1,15,3.91964721679688
10,1,12,4.45414447784424
8,1,15,5.24326419830322
8,1,9,18.3733463287354
10,1,12,7.81434297561646
10,1,12,7.00636959075928
9,1,15,13.491888999939
10,1,14,7.14519023895264
9,1,15,7.55138206481934
7,1,15,7.96178340911865
9,1,15,7.73516702651978
8,1,16,8.7103271484375
12,1,12,5.05161428451538
6,1,13,4.89955902099609
6,1,15,2.68186378479004
8,1,15,14.3363304138184
7,1,14,12.0039196014404
8,1,15,15.0048999786377
14,1,10,3.35877108573914
8,1,15,10.4115629196167
11,1,12,4.81245565414429
7,1,15,7.96178340911865
9,1,15,8.20676136016846
9,1,14,6.28148603439331
9,1,15,22.9118366241455
10,1,12,5.20578145980835
12,1,12,5.55473279953003
12,1,7,4.07252359390259
6,1,15,6.91601514816284
11,1,12,6.27382564544678
8,1,14,13.0818223953247
9,1,10,1.89470291137695
11,1,12,6.10488176345825
12,1,12,8.30794811248779
11,1,12,9.50660705566406
9,1,15,9.73384189605713
11,1,13,3.98089170455933
11,1,12,7.6555609703064
9,1,14,9.79911804199219
8,1,15,7.04157733917236
8,1,16,6.12690353393555
10,1,12,0.415216863155365
12,1,12,5.29022169113159
8,1,14,7.34933853149414
16,1,8,5.59476661682129
13,1,11,3.33075404167175
9,1,13,9.06418418884277
8,1,14,3.38627743721008
11,1,12,6.62307643890381
10,1,11,4.71310663223267
12,1,12,7.34933853149414
6,1,14,4.86587238311768
9,1,15,7.20197486877441
8,1,14,5.3078556060791
11,1,12,17.6928520202637
8,1,13,9.79911804199219
7,1,14,10.810640335083
7,1,14,10.2649908065796
8,1,14,8.88045120239258
7,1,14,9.21198081970215
9,1,13,11.1862077713013
9,1,14,5.78420162200928
9,1,14,11.3526363372803
11,1,12,5.97133779525757
7,1,12,3.06222438812256
9,1,12,15.3111219406128
6,1,14,7.38178586959839
7,1,14,8.70356464385986
7,1,13,9.09918117523193
10,1,12,7.72571992874146
11,1,10,3.06222438812256
12,1,10,4.62736129760742
8,1,12,6.36942672729492
9,1,11,4.67685174942017
7,1,14,10.1053409576416
9,1,14,4.77707004547119
7,1,13,9.79911804199219
9,1,13,7.6555609703064
8,1,14,3.99963998794556
11,1,12,9.18667316436768
6,1,12,13.4802684783936
8,1,12,9.63794803619385
11,1,12,13.1599721908569
6,1,13,10.9735441207886
13,1,9,4.0385856628418
10,1,12,8.80710887908936
8,1,14,9.80368900299072
10,1,13,17.3186836242676
9,1,13,9.18667316436768
12,1,11,4.23921918869019
10,1,10,3.98089170455933
9,1,10,1.09440326690674
8,1,14,9.23105335235596
11,1,12,4.873703956604
8,1,14,10.1707410812378
9,1,12,4.6492166519165
7,1,14,8.76526641845703
5,1,14,2.66132044792175
10,1,13,7.35287380218506
11,1,11,8.88045120239258
8,1,12,7.34933853149414
8,1,12,6.30307865142822
10,1,12,4.10930776596069
10,1,12,4.59333658218384
11,1,12,6.12444877624512
11,1,12,10.2074146270752
9,1,14,11.0240077972412
8,1,14,6.12817001342773
11,1,12,9.79911804199219
9,1,12,2.20374202728271
11,1,12,5.96202182769775
8,1,12,5.81822633743286
6,1,14,2.77938628196716
13,1,8,3.37772631645203
10,1,13,7.97959518432617
9,1,12,2.14355707168579
7,1,12,2.96757388114929
13,1,9,2.77514004707336
10,1,13,7.19622755050659
4,1,16,12.7388534545898
10,1,12,7.71680545806885
8,1,14,13.8004245758057
11,1,12,9.74912261962891
9,1,14,10.1053409576416
11,1,12,10.7484073638916
10,1,13,9.44723701477051
5,1,15,22.1160659790039
14,1,8,6.6878981590271
5,1,14,7.76045083999634
10,1,13,10.3179788589478
6,1,12,2.65392780303955
10,1,12,9.06418418884277
8,1,14,5.46222257614136
10,1,13,12.8273181915283
11,1,12,7.6555609703064
7,1,15,9.96978187561035
8,1,14,20.4148292541504
11,1,12,7.04311609268188
9,1,13,13.7800102233887
4,1,12,4.20197916030884
11,1,12,8.57422828674316
9,1,12,10.7177858352661
7,1,12,5.97108030319214
7,1,13,10.9914884567261
11,1,11,6.63481950759888
9,1,13,15.3111219406128
8,1,12,7.22430276870728
10,1,10,4.0289831161499
7,1,12,2.31615519523621
10,1,12,11.6364526748657
5,1,13,4.1721134185791
16,1,7,4.59333658218384
11,1,12,7.6555609703064
11,1,12,4.16462516784668
11,1,12,3.71114635467529
12,1,10,7.4412055015564
7,1,14,5.45327615737915
10,1,12,6.77598571777344
8,1,12,9.69260597229004
12,1,10,7.34933853149414
8,1,13,6.2856183052063
9,1,13,10.3849353790283
9,1,13,7.017165184021
9,1,12,2.68073511123657
7,1,14,13.8465795516968
11,1,12,7.04311609268188
5,1,12,3.83468151092529
11,1,9,0.184621065855026
10,1,12,7.02198696136475
9,1,14,6.65894603729248
11,1,12,5.81822633743286
5,1,13,9.79911804199219
9,1,11,3.59564423561096
11,1,12,3.76653599739075
11,1,12,6.43067121505737
11,1,10,4.2150616645813
6,1,13,7.46417188644409
14,1,7,3.53611469268799
8,1,12,7.36164903640747
8,1,14,7.0410327911377
9,1,14,6.73419570922852
9,1,12,1.04245936870575
11,1,12,3.07074737548828
9,1,12,3.88379669189453
8,1,13,2.2768280506134
9,1,14,6.18569326400757
6,1,15,16.7984886169434
8,1,14,8.93506717681885
9,1,13,3.44914817810059
9,1,13,8.57422828674316
8,1,13,6.44678831100464
7,1,14,7.5026650428772
8,1,13,4.29145765304565
10,1,11,3.67466926574707
6,1,15,7.01478719711304
9,1,13,4.89955902099609
8,1,12,7.1812162399292
8,1,10,7.90477800369263
12,1,10,6.67538166046143
6,1,13,4.34279108047485
4,1,14,12.2488975524902
9,1,12,4.54959058761597
3,1,15,4.40899753570557
9,1,14,7.89373397827148
6,1,13,14.6986770629883
10,1,12,4.54959058761597
11,1,12,7.5163688659668
10,1,12,8.08427238464355
9,1,14,22.1239681243896
6,1,13,7.99401760101318
5,1,13,18.4622917175293
10,1,12,7.04311609268188
7,1,13,12.2432918548584
8,1,14,7.6555609703064
10,1,12,3.8277804851532
9,1,10,7.59988403320312
9,1,13,9.21621227264404
9,1,13,11.6364526748657
12,1,9,5.19953203201294
11,1,12,2.99417495727539
9,1,12,7.2132396697998
8,1,10,0.816593170166016
8,1,14,7.48543739318848
7,1,14,7.77488708496094
6,1,15,6.72548151016235
5,1,13,7.62030744552612
5,1,14,8.01521778106689
2,1,14,2.46740388870239
8,1,15,12.3979110717773
9,1,14,14.2975692749023
11,1,11,2.60289072990417
11,1,9,3.67466926574707
12,1,10,1.63262820243835
9,1,12,7.04311609268188
5,1,14,3.59854626655579
9,1,14,10.8879089355469
8,1,14,8.42111682891846
9,1,12,7.23798513412476
9,1,14,4.92481470108032
9,1,13,8.80084705352783
9,1,12,6.07927942276001
7,1,14,4.37682104110718
13,1,8,2.8951940536499
13,1,9,3.26637268066406
10,1,12,4.94955444335938
9,1,12,10.7177858352661
9,1,10,2.04450726509094
10,1,12,7.25927305221558
4,1,14,6.12444877624512
4,1,15,4.24628448486328
9,1,12,6.59190368652344
8,1,12,9.95222949981689
10,1,12,8.26800632476807
7,1,13,7.62153625488281
10,1,12,3.31885027885437
9,1,14,6.53274536132812
11,1,12,9.04748153686523
11,1,12,3.69411206245422
9,1,12,8.46287441253662
9,1,12,8.98252487182617
7,1,12,8.33694553375244
9,1,12,2.29666829109192
6,1,13,15.9235668182373
9,1,12,5.36749458312988
8,1,13,6.11752843856812
10,1,12,4.28163766860962
8,1,13,11.0240077972412
7,1,13,7.6555609703064
9,1,12,5.6533374786377
10,1,12,11.9039096832275
7,1,13,5.33439493179321
10,1,12,5.4630560874939
10,1,12,6.43067121505737
7,1,13,8.23337078094482
9,1,12,3.3121018409729
9,1,13,6.69057416915894
5,1,12,4.08296585083008
8,1,12,4.77826452255249
5,1,12,13.5258092880249
7,1,12,4.51503658294678
9,1,12,5.15186834335327
11,1,10,6.90282678604126
9,1,12,11.0823354721069
8,1,12,8.23259258270264
9,1,13,8.63294219970703
10,1,12,5.82442665100098
8,1,12,4.65849018096924
9,1,13,4.68094348907471
8,1,12,3.98089170455933
9,1,12,13.8594007492065
9,1,12,6.72548151016235
8,1,12,6.64502716064453
7,1,13,9.9105110168457
9,1,13,9.79911804199219
10,1,10,3.58408260345459
10,1,12,5.0526704788208
9,1,13,3.3116602897644
5,1,12,3.95125722885132
8,1,12,16.8540515899658
4,1,12,4.4293646812439
7,1,13,10.110200881958
5,1,12,6.66687202453613
8,1,12,3.51020503044128
11,1,9,7.96178340911865
10,1,12,6.73689365386963
10,1,8,3.36844682693481
10,1,12,2.52673172950745
9,1,12,5.66171264648438
10,1,12,6.43067121505737
9,1,13,9.79911804199219
10,1,12,3.90578055381775
9,1,12,5.41401290893555
9,1,12,7.19128847122192
9,1,13,3.73092007637024
7,1,14,4.75330352783203
6,1,13,7.98952484130859
7,1,12,4.84104108810425
8,1,12,7.89132499694824
10,1,12,12.0654335021973
8,1,13,8.39606285095215
10,1,12,4.89955902099609
9,1,13,10.4115629196167
8,1,10,5.3078556060791
10,1,12,2.90911316871643
9,1,12,6.89000511169434
13,1,8,7.10638523101807
5,1,13,2.14355707168579
8,1,12,8.25666427612305
7,1,12,5.94706392288208
8,1,10,4.60440492630005
9,1,13,13.1675653457642
9,1,12,4.89955902099609
11,1,10,5.19953203201294
10,1,12,5.81822633743286
9,1,13,5.11227226257324
9,1,12,6.25568675994873
9,1,7,10.947452545166
10,1,12,7.00418043136597
8,1,12,7.84734296798706
10,1,8,6.96958541870117
9,1,12,6.64003992080688
9,1,12,12.2488975524902
7,1,14,4.46574401855469
6,1,13,4.87704944610596
10,1,12,7.6555609703064
6,1,13,7.83929443359375
7,1,13,12.9507751464844
5,1,14,6.4143271446228
10,1,12,4.72649669647217
10,1,12,6.32478141784668
10,1,12,9.97003269195557
6,1,12,1.25505948066711
10,1,12,11.7589416503906
9,1,13,7.6555609703064
8,1,12,9.18667316436768
5,1,12,9.50660705566406
9,1,12,4.20914506912231
9,1,12,7.64024972915649
7,1,12,4.17045783996582
10,1,12,8.42111682891846
11,1,10,21.8730316162109
9,1,12,6.37963438034058
7,1,13,6.27529716491699
9,1,12,3.72737526893616
7,1,11,2.44540500640869
7,1,12,6.36942672729492
4,1,14,8.57422828674316
8,1,12,9.59251022338867
9,1,12,10.4115629196167
13,1,9,4.41346120834351
10,1,12,9.79911804199219
10,1,11,4.0059289932251
7,1,12,3.74672150611877
9,1,12,3.35440683364868
9,1,12,5.5363392829895
16,1,6,4.50363492965698
10,1,12,6.05095529556274
12,1,8,1.86999833583832
9,1,12,15.9235668182373
9,1,12,4.30366659164429
8,1,13,6.47738313674927
7,1,11,6.96112203598022
4,1,13,5.54790925979614
10,1,12,12.9268808364868
6,1,12,9.51370716094971
10,1,12,5.51200389862061
7,1,12,5.48300743103027
8,1,12,5.86926364898682
9,1,12,4.16184139251709
11,1,11,4.65458106994629
6,1,12,7.96178340911865
6,1,13,18.7021751403809
6,1,12,4.23143720626831
8,1,13,12.744686126709
5,1,12,6.80254793167114
10,1,11,10.4326820373535
10,1,12,6.42079305648804
7,1,11,0.424628436565399
10,1,12,3.11007165908813
6,1,12,6.73689365386963
10,1,12,4.40960311889648
7,1,13,2.1826696395874
9,1,12,6.23991918563843
10,1,10,3.96672487258911
12,1,9,3.07614350318909
6,1,15,5.43544816970825
6,1,13,4.80452442169189
7,1,11,3.67466926574707
8,1,12,4.6834020614624
13,1,8,3.98089170455933
9,1,12,5.51200389862061
9,1,12,5.81822633743286
8,1,11,3.33527731895447
13,1,8,4.31692504882812
10,1,11,6.92050409317017
8,1,10,4.14337015151978
8,1,12,4.91289710998535
5,1,13,5.57324838638306
7,1,12,15.9235668182373
8,1,12,8.3442268371582
7,1,12,4.0041298866272
8,1,12,4.89955902099609
9,1,9,1.04846525192261
12,1,9,3.86633372306824
9,1,12,2.27818536758423
9,1,11,0.153480157256126
10,1,12,4.69541072845459
10,1,12,4.80425214767456
8,1,13,4.27478313446045
10,1,12,6.43067121505737
9,1,12,5.09216547012329
10,1,12,10.0681457519531
9,1,12,3.06222438812256
16,1,5,4.30366659164429
9,1,10,3.63967251777649
7,1,12,3.35232996940613
9,1,11,3.25877642631531
10,1,11,8.1188440322876
11,1,9,4.45414447784424
10,1,11,6.50890302658081
8,1,11,6.43067121505737
5,1,13,5.12482595443726
8,1,13,5.48677206039429
8,1,13,13.7800102233887
3,1,13,11.0721740722656
5,1,13,6.18454504013062
8,1,13,6.12444877624512
8,1,13,4.89955902099609
7,1,13,3.32896876335144
9,1,12,5.19359636306763
10,1,12,8.85325717926025
9,1,13,7.04311609268188
9,1,12,7.04311609268188
12,1,10,6.43067121505737
6,1,12,4.13152027130127
10,1,12,3.91964721679688
9,1,12,5.12955570220947
10,1,12,8.10654354095459
8,1,13,10.7177858352661
5,1,12,6.86489295959473
8,1,14,3.93714570999146
7,1,12,6.73689365386963
14,1,7,6.16396141052246
8,1,9,1.93599593639374
9,1,12,5.20578145980835
10,1,12,11.2223234176636
6,1,11,1.29623425006866
7,1,12,6.12444877624512
5,1,12,20.6147422790527
6,1,11,8.43353462219238
10,1,11,8.90828895568848
8,1,12,3.28016805648804
8,1,12,6.52605199813843
5,1,11,7.6555609703064
9,1,11,7.62153625488281
8,1,12,8.14137268066406
8,1,11,3.19803857803345
6,1,12,6.85938262939453
7,1,12,5.48615550994873
7,1,12,7.29830169677734
9,1,12,1.3673187494278
6,1,12,4.97126007080078
9,1,12,7.56597089767456
4,1,12,6.85938262939453
3,1,11,1.63318634033203
7,1,12,4.45414447784424
9,1,9,2.04864597320557
7,1,11,6.43809986114502
8,1,11,1.43617284297943
6,1,12,12.3849964141846
9,1,11,7.31871652603149
5,1,12,3.93746376037598
9,1,12,7.22559118270874
8,1,11,5.91849374771118
7,1,12,7.04311609268188
9,1,12,6.10695028305054
9,1,12,8.90828895568848
8,1,11,8.16593170166016
7,1,12,8.6056661605835
8,1,12,5.32017087936401
9,1,11,9.38059902191162
8,1,12,5.99168968200684
8,1,12,7.51611614227295
6,1,12,4.40960311889648
7,1,12,10.0449743270874
6,1,11,4.07347059249878
5,1,12,8.57422828674316
5,1,12,4.59057760238647
7,1,12,9.16464233398438
8,1,12,6.40501022338867
9,1,11,6.32629299163818
3,1,11,9.45808124542236
6,1,12,6.23096084594727
5,1,12,1.07049190998077
9,1,12,11.9426755905151
9,1,11,10.176007270813
6,1,12,2.39452123641968
5,1,11,11.7952346801758
7,1,11,1.75159239768982
9,1,12,3.67466926574707
6,1,11,5.11828947067261
8,1,12,6.67762470245361
10,1,11,5.81152057647705
9,1,12,4.71207571029663
5,1,12,5.6012544631958
7,1,12,6.61440467834473
8,1,11,6.38381910324097
9,1,12,11.6364526748657
9,1,12,5.20578145980835
8,1,12,7.50738906860352
8,1,10,3.81910991668701
7,1,11,4.30742216110229
8,1,12,2.53762030601501
7,1,11,3.36844682693481
6,1,12,4.08296585083008
8,1,12,3.54542136192322
5,1,12,3.53857040405273
8,1,12,5.24702072143555
5,1,12,7.96178340911865
4,1,13,8.81581592559814
9,1,12,5.18867158889771
9,1,11,8.29217433929443
11,1,7,4.4386248588562
7,1,13,10.050838470459
8,1,12,5.81822633743286
8,1,12,5.60360145568848
5,1,12,4.36952781677246
3,1,12,18.939640045166
5,1,12,9.31202697753906
9,1,11,9.79911804199219
7,1,12,6.71775484085083
9,1,12,5.85932111740112
4,1,12,3.30117130279541
6,1,12,11.54896068573
13,1,7,6.89000511169434
8,1,12,28.3085632324219
8,1,12,9.18667316436768
9,1,11,8.53048229217529
9,1,12,6.91077041625977
8,1,12,12.3563938140869
9,1,11,8.26800632476807
7,1,10,4.31263256072998
7,1,12,11.0228624343872
8,1,11,8.02394676208496
7,1,12,4.26905298233032
10,1,11,7.3984227180481
8,1,12,4.9914984703064
9,1,12,9.74946022033691
6,1,11,92.5472259521484
10,1,10,4.46372032165527
3,1,11,2.31896615028381
5,1,12,11.1631774902344
6,1,12,9.23105335235596
8,1,11,5.98834991455078
8,1,12,8.57422828674316
4,1,12,4.28711414337158
9,1,12,7.37378740310669
6,1,11,4.59333658218384
10,1,11,3.79132533073425
10,1,11,5.00454950332642
9,1,12,7.83929443359375
8,1,12,8.35987281799316
6,1,12,5.39781951904297
6,1,12,9.72926712036133
9,1,11,6.13920640945435
5,1,11,5.76655912399292
9,1,11,3.54513549804688
9,1,11,4.00872993469238
8,1,12,5.11600542068481
9,1,12,5.49878549575806
9,1,12,3.85128140449524
10,1,11,5.51200389862061
8,1,12,7.08369970321655
8,1,12,7.6555609703064
9,1,11,6.38475036621094
7,1,12,7.6555609703064
8,1,12,6.00484657287598
9,1,11,4.60014152526855
6,1,12,4.77847528457642
7,1,11,7.6740083694458
6,1,12,9.54668140411377
9,1,12,13.4737873077393
7,1,12,6.97151184082031
8,1,11,6.22575569152832
9,1,12,6.92136192321777
5,1,12,3.23649740219116
9,1,12,13.1675653457642
9,1,12,3.8277804851532
9,1,12,4.09968948364258
4,1,12,9.88968276977539
11,1,8,4.89955902099609
11,1,9,2.88862895965576
9,1,12,11.6364526748657
7,1,10,2.27479529380798
10,1,11,8.81192779541016
6,1,11,6.82438564300537
7,1,11,3.37364029884338
8,1,12,3.91295838356018
9,1,12,27.4544258117676
5,1,12,8.35807132720947
7,1,11,6.31371736526489
9,1,12,7.12663125991821
8,1,10,2.78749537467957
6,1,12,8.16593170166016
8,1,12,4.51167726516724
5,1,11,4.74644804000854
5,1,11,3.36844682693481
9,1,12,4.59333658218384
6,1,11,5.66511535644531
8,1,11,0.525097012519836
7,1,12,5.36749458312988
7,1,12,1.78607738018036
9,1,12,4.0167555809021
7,1,12,8.63954067230225
8,1,11,2.9936306476593
11,1,10,7.66196727752686
8,1,12,4.23891258239746
10,1,8,5.85932111740112
9,1,12,7.62153625488281
5,1,12,17.2334690093994
8,1,11,8.90462589263916
6,1,12,7.56616830825806
10,1,9,4.08460235595703
9,1,11,7.96178340911865
10,1,8,3.96624207496643
12,1,8,3.48214673995972
9,1,9,4.26524114608765
3,1,12,1.93379175662994
8,1,12,10.4990549087524
3,1,12,2.94880867004395
2,1,11,2.53257513046265
9,1,9,8.11789703369141
8,1,11,6.43067121505737
7,1,10,3.29968357086182
6,1,12,4.53340005874634
9,1,7,2.3094367980957
12,1,8,2.5110239982605
6,1,12,2.24196648597717
7,1,10,3.64915084838867
11,1,9,5.1445369720459
8,1,12,4.32034778594971
8,1,12,4.83480453491211
5,1,11,112.791931152344
10,1,11,2.82666873931885
7,1,10,2.59055042266846
8,1,13,8.79612159729004
6,1,12,3.37900614738464
9,1,12,6.12444877624512
8,1,9,1.96174597740173
6,1,12,3.84350275993347
6,1,12,4.08296585083008
3,1,11,2.65392780303955
7,1,12,3.60874032974243
7,1,12,5.63449287414551
9,1,10,5.51200389862061
8,1,12,4.89955902099609
10,1,7,1.93247175216675
8,1,11,5.20578145980835
9,1,10,6.43135833740234
7,1,12,7.89373397827148
12,1,9,4.33422517776489
9,1,11,7.01478719711304
6,1,11,5.26843214035034
7,1,11,7.34933853149414
8,1,10,5.06850957870483
9,1,11,8.65968608856201
9,1,11,9.40540313720703
8,1,8,2.61529278755188
9,1,11,11.2633543014526
8,1,11,6.12444877624512
9,1,11,7.92167377471924
8,1,11,5.93161678314209
8,1,11,8.57422828674316
9,1,10,3.93985152244568
6,1,11,4.92618703842163
7,1,11,2.06799578666687
10,1,7,3.86633372306824
7,1,11,7.96178340911865
5,1,11,4.71809387207031
9,1,11,1.67030417919159
8,1,10,4.44378614425659
4,1,11,8.3243989944458
10,1,10,11.2007818222046
4,1,11,4.97611474990845
10,1,10,3.24474120140076
8,1,10,2.96528244018555
7,1,10,4.14676237106323
9,1,10,3.9664306640625
8,1,11,5.46263027191162
9,1,10,7.08907508850098
5,1,11,14.6236839294434
3,1,11,6.38930463790894
10,1,10,3.70315504074097
9,1,10,7.38912630081177
12,1,8,9.49289608001709
7,1,11,11.6513900756836
11,1,8,6.73689365386963
6,1,11,11.268985748291
9,1,10,4.55120372772217
8,1,11,4.28711414337158
5,1,11,4.60440492630005
8,1,10,3.98089170455933
7,1,10,10.84694480896
6,1,11,4.5964937210083
6,1,11,3.37006711959839
6,1,11,10.7956390380859
8,1,11,3.12226796150208
8,1,11,6.72702121734619
8,1,11,4.76681327819824
8,1,10,4.13400316238403
9,1,11,7.01865196228027
9,1,11,8.57422828674316
7,1,11,4.36492490768433
9,1,11,5.73822212219238
9,1,10,7.6555609703064
4,1,11,4.44022560119629
9,1,11,2.1362886428833
9,1,10,7.21067190170288
6,1,10,5.07299470901489
6,1,11,9.47831344604492
10,1,9,5.51200389862061
6,1,9,3.79132533073425
9,1,11,10.5936412811279
7,1,11,8.0629186630249
6,1,10,5.18190670013428
8,1,11,8.22329711914062
6,1,11,4.42321300506592
6,1,11,10.1665849685669
4,1,11,5.28771209716797
6,1,11,7.35889291763306
6,1,10,8.53048229217529
6,1,11,24.8805732727051
5,1,10,3.82990336418152
7,1,11,15.3111219406128
4,1,11,9.97140502929688
7,1,11,13.3819208145142
8,1,11,7.6555609703064
7,1,11,4.77754783630371
9,1,10,5.31893682479858
6,1,10,2.63054513931274
8,1,11,4.15962553024292
5,1,11,6.12444877624512
8,1,11,4.10103940963745
9,1,11,5.42078876495361
5,1,11,6.12444877624512
6,1,11,7.42357444763184
6,1,8,10.070240020752
7,1,8,3.89964914321899
8,1,12,6.14335155487061
10,1,10,5.20189094543457
6,1,9,5.51200389862061
9,1,10,8.16593170166016
9,1,11,4.59333658218384
9,1,11,7.97959518432617
5,1,11,7.47031545639038
7,1,11,7.04311609268188
5,1,10,6.11325216293335
7,1,10,6.82438564300537
7,1,9,3.26637268066406
6,1,10,7.74241495132446
4,1,11,10.5646743774414
7,1,10,4.51660585403442
5,1,10,1.59235668182373
8,1,11,8.67520523071289
7,1,11,5.47651624679565
8,1,10,4.89955902099609
7,1,11,5.89761734008789
5,1,11,7.83929443359375
10,1,9,5.93194580078125
8,1,11,6.14262247085571
7,1,11,5.8197808265686
10,1,9,2.8155620098114
9,1,10,4.25649213790894
3,1,11,5.51200389862061
9,1,11,5.56083583831787
8,1,11,10.4416828155518
6,1,10,7.6555609703064
9,1,11,3.08198070526123
9,1,11,4.59333658218384
8,1,11,3.73495173454285
5,1,11,7.34933853149414
7,1,10,3.1453959941864
4,1,11,8.32925033569336
8,1,11,5.53863191604614
6,1,11,6.41063785552979
5,1,11,10.4115629196167
7,1,11,1.61478424072266
7,1,11,5.02702474594116
9,1,10,6.53579235076904
7,1,11,5.06747531890869
9,1,11,3.06038522720337
4,1,11,7.0251030921936
7,1,11,8.88045120239258
8,1,11,2.00611877441406
4,1,11,12.2488975524902
8,1,11,4.73157405853271
6,1,11,11.2314224243164
8,1,11,5.09554147720337
2,1,11,1.729647397995
6,1,11,4.89955902099609
7,1,10,6.12444877624512
7,1,10,3.67466926574707
9,1,10,3.24497723579407
7,1,10,2.5275502204895
9,1,11,7.45047616958618
9,1,11,3.67466926574707
7,1,11,3.30364465713501
6,1,9,2.84786868095398
12,1,8,4.77707004547119
4,1,10,4.59517765045166
6,1,11,4.76297855377197
8,1,11,6.73689365386963
8,1,9,0.353857040405273
5,1,11,1.97302103042603
9,1,11,4.86215782165527
8,1,11,5.98068237304688
6,1,9,1.32696390151978
14,1,5,4.88629293441772
10,1,7,3.26637268066406
7,1,10,2.33711838722229
7,1,10,4.23569536209106
7,1,10,7.04582595825195
5,1,10,0.399086892604828
9,1,9,5.46620178222656
7,1,11,1.42620396614075
9,1,9,2.86974167823792
8,1,11,22.1160659790039
6,1,11,2.99737739562988
8,1,11,4.85803747177124
9,1,9,3.34060835838318
9,1,11,7.6555609703064
8,1,11,4.59333658218384
9,1,10,4.08296585083008
7,1,10,4.28711414337158
5,1,9,2.98753595352173
9,1,11,4.65458106994629
11,1,8,5.51200389862061
14,1,6,6.43067121505737
8,1,10,7.70909643173218
8,1,10,3.32731246948242
5,1,12,4.40960311889648
5,1,12,6.45005226135254
8,1,10,3.51686143875122
9,1,11,6.64384651184082
10,1,9,3.81402802467346
10,1,10,4.02809619903564
9,1,8,2.12540936470032
7,1,8,1.06690561771393
9,1,10,10.6984968185425
9,1,10,5.55204248428345
6,1,11,3.67466926574707
6,1,10,4.69602203369141
9,1,10,6.13968372344971
5,1,10,2.7560019493103
8,1,11,3.42867684364319
9,1,8,3.62930297851562
7,1,10,6.89000511169434
9,1,9,2.98698353767395
6,1,11,7.27934503555298
9,1,11,10.4115629196167
9,1,10,8.56873512268066
9,1,10,6.36665868759155
8,1,10,5.51200389862061
3,1,9,3.4020676612854
7,1,11,4.22552728652954
6,1,9,3.98089170455933
9,1,10,6.57235431671143
3,1,11,5.86579751968384
8,1,8,5.00216770172119
9,1,10,6.11464977264404
4,1,10,8.90828895568848
7,1,10,5.6533374786377
9,1,10,9.18667316436768
6,1,10,1.44213438034058
7,1,10,4.76623773574829
8,1,10,3.56054902076721
9,1,10,4.2274956703186
7,1,10,7.04582595825195
7,1,10,2.12314224243164
8,1,10,7.54671430587769
6,1,10,4.28711414337158
9,1,10,4.59191226959229
10,1,9,6.9358549118042
9,1,10,3.67466926574707
4,1,11,5.62008237838745
9,1,10,5.81441450119019
9,1,9,7.7205171585083
6,1,10,10.4741687774658
6,1,10,8.177414894104
6,1,11,3.65592098236084
4,1,10,4.59333658218384
9,1,10,5.3078556060791
6,1,10,4.59333658218384
9,1,9,8.88757228851318
9,1,10,5.09554147720337
9,1,9,7.63313436508179
4,1,8,2.53329467773438
3,1,11,3.89964914321899
7,1,11,6.58412647247314
4,1,8,1.51653015613556
8,1,8,4.2819676399231
9,1,9,3.59347057342529
6,1,8,4.34279108047485
4,1,10,5.7903881072998
6,1,8,2.07698702812195
9,1,10,6.12444877624512
4,1,10,2.85624527931213
5,1,8,5.51200389862061
6,1,9,4.28711414337158
5,1,9,7.14519023895264
6,1,9,4.53878402709961
10,1,8,2.90911316871643
7,1,7,4.1539740562439
